_step,unmasked_mismatch_kl/std,masked_mismatch_kl/mean,unmasked_mismatch_kl/min,unmasked_mismatch_kl/median,masked_mismatch_kl/median,masked_mismatch_kl/min,unmasked_mismatch_kl/mean,masked_mismatch_kl/std,mismatch_kl/max,masked_mismatch_kl/max,mismatch_kl/min,mismatch_kl/median,unmasked_mismatch_kl/max,mismatch_kl/mean,mismatch_kl/std
0,0.00024990682140924037,0.0,0.0,0.0010523488745093346,0.0,0.0,0.0010455669835209846,0.0,0.0016793044051155448,0.0,0.0,0.0010523488745093346,0.0016793044051155448,0.0010455669835209846,0.00024990682140924037
1,0.00026397930923849344,0.0,0.0,0.0010464092483744025,0.0,0.0,0.001053338055498898,0.0,0.0018456093966960907,0.0,0.0,0.0010464092483744025,0.0018456093966960907,0.001053338055498898,0.00026397930923849344
2,0.00022272055502980947,0.0,0.0,0.0010297866538167,0.0,0.0,0.001051439787261188,0.0,0.001787997200153768,0.0,0.0,0.0010297866538167,0.001787997200153768,0.001051439787261188,0.00022272055502980947
3,0.00022409649682231247,0.0,0.0,0.0011041245888918638,0.0,0.0,0.0010997041827067733,0.0,0.0018215366872027516,0.0,0.0,0.0011041245888918638,0.0018215366872027516,0.0010997041827067733,0.00022409649682231247
4,0.00023556934320367873,0.0,0.0,0.0011231274111196399,0.0,0.0,0.0011343148071318865,0.0,0.0018522723112255335,0.0,0.0,0.0011231274111196399,0.0018522723112255335,0.0011343148071318865,0.00023556934320367873
5,0.0004201899573672563,0.0,0.0,0.0013401912292465568,0.0,0.0,0.0014150528004392982,0.0,0.004555333871394396,0.0,0.0,0.0013401912292465568,0.004555333871394396,0.0014150528004392982,0.0004201899573672563
6,0.0004672719514928758,0.0,0.0,0.0014048594748601317,0.0,0.0,0.0014542588032782078,0.0,0.0037704340647906065,0.0,0.0,0.0014048594748601317,0.0037704340647906065,0.0014542588032782078,0.0004672719514928758
7,0.0006115072756074369,0.0,0.0,0.001419245614670217,0.0,0.0,0.0015454753302037716,0.0,0.004285587463527918,0.0,0.0,0.001419245614670217,0.004285587463527918,0.0015454753302037716,0.0006115072756074369
8,0.0006672691670246422,0.0,0.0008769408450461924,0.001737849903292954,0.0,0.0,0.0018437395337969065,0.0,0.007839889265596867,0.0,0.0008769408450461924,0.001737849903292954,0.007839889265596867,0.0018437395337969065,0.0006672691670246422
9,0.0008442517137154937,0.0,0.0,0.001988582545891404,0.0,0.0,0.0021532203536480665,0.0,0.007909649051725864,0.0,0.0,0.001988582545891404,0.007909649051725864,0.0021532203536480665,0.0008442517137154937
10,0.0016554560279473662,0.08189427852630615,0.00100178353022784,0.0026562411803752184,0.0,0.0,0.0030880486592650414,1.0359982252120972,0.0726407989859581,15.757038116455078,0.00100178353022784,0.0026562411803752184,0.016146084293723106,0.0034004910849034786,0.0046974653378129005
11,0.0019589816220104694,0.032951101660728455,0.0,0.0032225975301116705,0.0,0.0,0.0035932341124862432,0.36707884073257446,0.047385409474372864,5.5169572830200195,0.0,0.003232672344893217,0.017045259475708008,0.003793146926909685,0.0033667946700006723
12,0.0018090105149894953,0.004812364466488361,0.0,0.003373116487637162,0.0,0.0,0.0037422101013362408,0.07729801535606384,0.013739945366978645,1.2415900230407715,0.0,0.003373116487637162,0.013739945366978645,0.0037611019797623158,0.001832252717576921
13,0.002201204188168049,0.04248099774122238,0.0,0.003969543147832155,0.0,0.0,0.004425567574799061,0.2624831199645996,0.015116333030164242,2.1292200088500977,0.0,0.004042093176394701,0.015116333030164242,0.004554762039333582,0.0023777878377586603
14,0.0025887719821184874,0.13528822362422943,0.0,0.004208914469927549,0.0,0.0,0.004751566797494888,0.5485376715660095,0.018623288720846176,5.231081008911133,0.0,0.004428904037922621,0.017911415547132492,0.005206142086535692,0.0031847567297518253
15,0.0031724986620247364,0.16093993186950684,0.0,0.005163024179637432,0.0,0.0,0.0060049970634281635,0.653448224067688,0.02732415683567524,7.974455833435059,0.0,0.005355604458600283,0.02463635616004467,0.006499914918094873,0.0037596968468278646
16,0.00316809699870646,0.14796239137649536,0.0,0.005879041738808155,0.0,0.0,0.006494162604212761,0.5356338620185852,0.022527413442730904,4.966769695281982,0.0,0.00615389458835125,0.022527413442730904,0.00695383083075285,0.0035571095068007708
17,0.003777239006012678,0.2119755744934082,0.0,0.005969048477709293,0.0,0.0,0.006639711558818817,0.6489983797073364,0.03753755986690521,5.832975387573242,0.0,0.006377477198839188,0.03753755986690521,0.007324341218918562,0.004622684326022863
18,0.003827193286269903,0.4010102152824402,0.0,0.007955369539558887,0.0,0.0,0.00821585115045309,1.3125306367874146,0.04826441779732704,14.078109741210938,0.0,0.00851093977689743,0.023323874920606613,0.009477756917476654,0.005879553500562906
19,0.003924694377928972,0.365004301071167,0.0016949956770986319,0.008202007971704006,0.0,0.0,0.008907157927751541,1.0198757648468018,0.044382695108652115,8.106036186218262,0.0016949956770986319,0.009222912602126598,0.024342801421880722,0.01026867888867855,0.005936322268098593
20,0.004325855057686567,0.6488998532295227,0.0,0.010105796158313751,0.0,0.0,0.010348695330321789,1.669647216796875,0.04614174738526344,17.299684524536133,0.0,0.010938024148344994,0.02417740970849991,0.01258006226271391,0.007058505900204182
21,0.005150604527443647,0.9393253326416016,0.0,0.012210351414978504,0.0,0.0,0.012738420628011227,1.9922140836715698,0.06479725986719131,19.652009963989258,0.0,0.01465516071766615,0.03482804447412491,0.016525324434041977,0.009394138120114803
22,0.0057740830816328526,1.1499578952789307,0.0034665646962821484,0.013904702849686146,0.0,0.0,0.01467051263898611,4.0554914474487305,0.25649508833885193,60.852333068847656,0.0034665646962821484,0.017356375232338905,0.03823085501790047,0.019805312156677246,0.017848221585154533
23,0.006355044431984425,0.853289008140564,0.004110433626919985,0.014328674413263798,0.0,0.0,0.015095245093107224,1.3867933750152588,0.05785724148154259,11.490516662597656,0.004110433626919985,0.016798188909888268,0.04401889070868492,0.018824182450771332,0.010068962350487709
24,0.007686955388635397,1.0221138000488281,0.0,0.015975069254636765,0.0,0.0,0.016689561307430267,1.5113823413848877,0.0919133871793747,12.657434463500977,0.0,0.01881183497607708,0.051861170679330826,0.020996687933802605,0.012155364267528057
25,0.00797239039093256,1.0877825021743774,0.0,0.01891295798122883,0.0,0.0,0.01911301538348198,1.3729435205459595,0.07388627529144287,7.715106964111328,0.0,0.021973073482513428,0.05225492641329765,0.024792252108454704,0.013035588897764683
26,0.009641896933317184,1.4080753326416016,0.0,0.020614048466086388,1.3155114650726318,0.0,0.02199660800397396,1.7338497638702393,0.15146231651306152,8.784136772155762,0.0,0.026336468756198883,0.07610255479812622,0.029615407809615135,0.0172968041151762
27,0.008713381364941597,1.406729817390442,0.0,0.0206877700984478,0.0,0.0,0.021755680441856384,3.5877790451049805,0.16503781080245972,53.233154296875,0.0,0.025101162493228912,0.05166829004883766,0.028943462297320366,0.01687691919505596
28,0.008851760067045689,1.107607126235962,0.0,0.020314261317253113,0.0,0.0,0.021622996777296066,2.093430757522583,0.08913704007863998,24.14331817626953,0.0,0.02471003495156765,0.04981385916471481,0.02673998475074768,0.01353548839688301
29,0.011431408114731312,1.3005183935165405,0.0,0.022375164553523064,0.0,0.0,0.023379266262054443,1.94843590259552,0.1945597529411316,16.472496032714844,0.0,0.027439020574092865,0.09050644189119339,0.031523291021585464,0.02070951834321022
30,0.011484784074127674,1.3947707414627075,0.0,0.025337686762213707,1.2992236614227295,0.0,0.02672642283141613,1.7269566059112549,0.13841179013252258,12.572114944458008,0.0,0.031838349997997284,0.06489327549934387,0.036253876984119415,0.021091774106025696
31,0.011137142777442932,1.292391061782837,0.0,0.02577207237482071,1.2224979400634766,0.0,0.02715194784104824,1.960455060005188,0.10111141949892044,21.63896942138672,0.0,0.03200561925768852,0.0616975799202919,0.034595005214214325,0.015864074230194092
32,0.01268074382096529,1.68240225315094,0.008862636983394623,0.03023476153612137,1.5155677795410156,0.0,0.032118141651153564,1.774298906326294,0.24517053365707397,14.691362380981445,0.010286104865372181,0.039736516773700714,0.09242743253707886,0.04419827088713646,0.02359672077000141
33,0.013144667260348797,1.8720402717590332,0.00997245404869318,0.030769947916269302,1.622283935546875,0.0,0.03289518877863884,2.098262310028076,0.2771322429180145,19.71530532836914,0.00997245404869318,0.04224279895424843,0.12515754997730255,0.04773087054491043,0.027509011328220367
34,0.013062886893749237,1.7786438465118408,0.011430758982896805,0.03540148213505745,1.694057822227478,0.0,0.03656690940260887,1.808995008468628,0.12661992013454437,14.340991020202637,0.01194395124912262,0.04578391835093498,0.08447442948818207,0.05116467550396919,0.024451250210404396
35,0.017266221344470978,1.7517845630645752,0.0,0.033859752118587494,1.4688186645507812,0.0,0.03614285588264465,2.879427194595337,0.31213441491127014,27.861413955688477,0.0,0.04282829537987709,0.11100785434246063,0.052979450672864914,0.03888268768787384
36,0.017541471868753433,1.7733666896820068,0.0,0.036881349980831146,1.7086772918701172,0.0,0.039742693305015564,1.6905368566513062,0.2200663983821869,11.65412425994873,0.0,0.05109879747033119,0.1335960477590561,0.057114142924547195,0.030841588973999023
37,0.017152883112430573,2.016502618789673,0.0,0.041894011199474335,1.8888630867004395,0.0,0.04397593438625336,2.4481911659240723,0.7118247151374817,25.897098541259766,0.0,0.06105073168873787,0.1195627823472023,0.06769514828920364,0.053231220692396164
38,0.020416246727108955,2.1826272010803223,0.0,0.04580187052488327,2.0453720092773438,0.0,0.046942733228206635,2.6149659156799316,0.30773377418518066,29.039091110229492,0.0,0.06505250185728073,0.1172519400715828,0.07376664876937866,0.04532167315483093
39,0.020806217566132545,1.981559157371521,0.0,0.049956951290369034,1.7394380569458008,0.0,0.04986637458205223,2.431131601333618,0.4322035014629364,23.093074798583984,0.0,0.06719459593296051,0.13924172520637512,0.07750972360372543,0.0515502393245697
40,0.022006994113326073,2.3134255409240723,0.013309766538441181,0.05429120734333992,2.1479439735412598,0.0,0.058189742267131805,2.260667085647583,0.319591224193573,27.529979705810547,0.013309766538441181,0.0898171216249466,0.1485842615365982,0.09433437883853912,0.04795027896761894
41,0.02321428619325161,2.217898368835449,0.0,0.05446174740791321,1.9687904119491577,0.0,0.05788223817944527,2.0402283668518066,0.29266396164894104,12.099645614624023,0.0,0.08456376194953918,0.13672888278961182,0.09425293654203415,0.05053221061825752
42,0.02884390763938427,2.2431280612945557,0.0,0.06204994395375252,2.021028757095337,0.0,0.06356409192085266,1.7107330560684204,0.35526415705680847,10.89831829071045,0.0,0.09882235527038574,0.17010895907878876,0.10675634443759918,0.059440977871418
43,0.02541271783411503,2.604762554168701,0.014034098945558071,0.05951959639787674,2.2244484424591064,0.0,0.06434272229671478,3.116520404815674,0.8342617154121399,29.420623779296875,0.017279639840126038,0.09431441128253937,0.15772022306919098,0.12025351822376251,0.09519483894109726
44,0.02697252482175827,2.208138942718506,0.0,0.06487632542848587,2.1391563415527344,0.0,0.06845341622829437,2.0426833629608154,1.49532949924469,25.595693588256836,0.0,0.1036294624209404,0.148668572306633,0.11971045285463333,0.10324551165103912
45,0.029059434309601784,2.7003097534179688,0.0028245444409549236,0.06733784824609756,2.3000495433807373,0.0,0.07312019914388657,2.6535637378692627,0.7669796943664551,25.36830711364746,0.012791372835636139,0.11292565613985062,0.21235546469688416,0.14419594407081604,0.09500785917043686
46,0.03311128914356232,2.7155110836029053,0.0,0.07098040729761124,2.569554328918457,0.0,0.07255769520998001,2.000447988510132,0.5192023515701294,13.82215690612793,0.0,0.14013071358203888,0.18440476059913635,0.15188822150230408,0.09345382452011108
47,0.03191396966576576,2.6716785430908203,0.0,0.07496165484189987,2.5163891315460205,0.0,0.07768645882606506,1.596031665802002,0.576308012008667,13.553262710571289,0.0,0.14632868766784668,0.18277812004089355,0.15409015119075775,0.07917502522468567
48,0.03321082144975662,2.8113698959350586,0.027270304039120674,0.08554799109697342,2.7572991847991943,0.0,0.0888100117444992,1.5635946989059448,0.7285535931587219,11.552908897399902,0.038591064512729645,0.1781635731458664,0.22404341399669647,0.19323386251926422,0.09942656755447388
49,0.035792477428913116,2.968625783920288,0.0,0.08286948502063751,2.6237118244171143,0.0,0.0850340723991394,3.177722215652466,1.5670349597930908,44.133888244628906,0.0,0.17736610770225525,0.20681536197662354,0.19646552205085754,0.1457088589668274
50,0.04190465435385704,2.905778408050537,0.0,0.08902591466903687,2.7768020629882812,0.0,0.09207435697317123,1.7898205518722534,0.9023842215538025,14.200896263122559,0.0,0.19167079031467438,0.2394903153181076,0.21570105850696564,0.1323445439338684
51,0.0408448651432991,3.4884002208709717,0.0,0.09016920626163483,2.7875781059265137,0.0,0.09328648447990417,6.507322311401367,4.342275142669678,97.57257080078125,0.0,0.21138837933540344,0.2476711869239807,0.25026461482048035,0.29373443126678467
52,0.038243819028139114,3.0247678756713867,0.024339260533452034,0.10313872992992401,2.8503944873809814,0.0,0.10491982847452164,1.9723987579345703,0.755828320980072,18.027036666870117,0.054136551916599274,0.21972014009952545,0.2802402675151825,0.24296167492866516,0.11980901658535004
53,0.03889237344264984,3.4014699459075928,0.03947235271334648,0.097804494202137,2.9497621059417725,0.0,0.10280799120664597,4.002753734588623,1.41000497341156,51.89620590209961,0.04759393632411957,0.24500912427902222,0.31542855501174927,0.277327299118042,0.17219381034374237
54,0.04925243556499481,3.102175712585449,0.0,0.10434281080961227,2.8639369010925293,0.0,0.10745099931955338,1.8890405893325806,1.937491774559021,14.74870777130127,0.0,0.2989408075809479,0.29675543308258057,0.3235960900783539,0.2095976024866104
55,0.046675924211740494,3.3927230834960938,0.0,0.1162622794508934,2.8371827602386475,0.0,0.11591683328151703,4.622018337249756,7.029857635498047,69.17347717285156,0.0,0.3206018805503845,0.32055941224098206,0.36983394622802734,0.46220168471336365
56,0.05289538949728012,3.9564599990844727,0.031796760857105255,0.11778854578733444,3.070218324661255,0.0,0.12378578633069992,6.067501068115234,4.534005641937256,73.66844177246094,0.05994633957743645,0.3293910622596741,0.402965247631073,0.39992251992225647,0.3543189764022827
57,0.04912475869059563,3.5301408767700195,0.0,0.11634689569473267,2.8908114433288574,0.0,0.12072734534740448,3.0443437099456787,3.4553253650665283,30.547277450561523,0.0,0.3220044672489166,0.2993800938129425,0.3909720778465271,0.34888407588005066
58,0.048499226570129395,3.5536298751831055,0.04089780151844025,0.12516333162784576,3.2073538303375244,0.0,0.13039425015449524,1.9990098476409912,1.3032851219177246,16.82467269897461,0.06187351420521736,0.3815728425979614,0.46240493655204773,0.40681156516075134,0.21093107759952545
59,0.05428333953022957,3.836060047149658,0.004447446670383215,0.12035398930311203,3.4652576446533203,0.0,0.12615904211997986,2.304734945297241,3.0031943321228027,24.13379669189453,0.02093053236603737,0.3953644335269928,0.5440454483032227,0.4462276101112366,0.29040154814720154
60,0.07215069979429245,3.5707476139068604,0.0,0.1294756829738617,3.2606494426727295,0.0,0.1376238763332367,2.729945421218872,4.295327186584473,30.699865341186523,0.0,0.382980614900589,0.5561442971229553,0.4316408336162567,0.3285987079143524
61,0.05812268331646919,3.608196496963501,0.0,0.11933903396129608,3.2586989402770996,0.0,0.12476310133934021,2.4338252544403076,1.991674780845642,21.750574111938477,0.0,0.4028993248939514,0.3733553886413574,0.4649559557437897,0.306064248085022
62,0.057690560817718506,3.409564971923828,0.008107304573059082,0.12550722062587738,3.1171202659606934,0.0,0.13511309027671814,2.082435369491577,1.9987661838531494,20.07342529296875,0.008107304573059082,0.4490562677383423,0.4401664733886719,0.49341753125190735,0.2811996638774872
63,0.06921955198049545,4.1325225830078125,0.0,0.14013983309268951,3.196929931640625,0.0,0.143300861120224,8.390506744384766,6.639111518859863,118.17631530761719,0.0,0.49187958240509033,0.3524220287799835,0.5796857476234436,0.6382387280464172
64,0.06262251734733582,3.9272875785827637,0.0,0.13104942440986633,3.3851470947265625,0.0,0.1372004896402359,4.412999629974365,3.802294969558716,59.551048278808594,0.0,0.535159707069397,0.3387240767478943,0.5977317690849304,0.4108184576034546
65,0.06552699208259583,4.236210823059082,0.0,0.140011265873909,3.2594032287597656,0.0,0.13812893629074097,10.97216510772705,14.687589645385742,171.88499450683594,0.0,0.5610500574111938,0.36671486496925354,0.6668576002120972,1.0388665199279785
66,0.06759876757860184,4.154969215393066,0.01794564723968506,0.14016512036323547,3.5744850635528564,0.0,0.15370169281959534,4.447358131408691,5.614529609680176,47.126068115234375,0.01794564723968506,0.6053027510643005,0.4165250062942505,0.6856794357299805,0.527099609375
67,0.06933435052633286,4.008072376251221,0.0,0.13958489894866943,3.5873444080352783,0.0,0.14568185806274414,3.8450605869293213,8.783626556396484,39.973960876464844,0.0,0.6000295877456665,0.4440312683582306,0.6751520037651062,0.6778464317321777
68,0.08421144634485245,4.195868968963623,0.0,0.15183788537979126,3.6322126388549805,0.0,0.1581011861562729,4.449203968048096,12.132434844970703,62.075592041015625,0.0,0.6476849913597107,0.5399026870727539,0.8161889910697937,0.9513790607452393
69,0.09456758201122284,4.190164089202881,0.0,0.14817988872528076,3.666546583175659,0.0,0.16590440273284912,3.913010597229004,7.761074066162109,43.36793899536133,0.0,0.7686806917190552,0.6900742053985596,0.8426579236984253,0.6923444867134094
70,0.08234640210866928,4.367210865020752,0.003373314393684268,0.15536236763000488,3.6238327026367188,0.0,0.16174255311489105,6.338235855102539,22.988428115844727,89.32782745361328,0.003373314393684268,0.7328041195869446,0.5706339478492737,0.9253952503204346,1.5495977401733398
71,0.10658998042345047,4.245020389556885,0.0,0.1582595258951187,3.522747039794922,0.0,0.17386874556541443,4.07452392578125,5.55160665512085,38.433780670166016,0.0,0.7637088894844055,0.8838969469070435,0.8868193030357361,0.6303810477256775
72,0.09402325004339218,4.028340816497803,0.0,0.15452149510383606,3.510878562927246,0.0,0.17016935348510742,2.8448212146759033,8.715265274047852,34.449737548828125,0.0,0.7933080792427063,0.5293259024620056,0.947364091873169,0.7469503283500671
73,0.1009729877114296,3.930290460586548,0.0,0.1642325222492218,3.671623945236206,0.0,0.17804275453090668,2.1308324337005615,4.200480937957764,17.520334243774414,0.0,0.9118648171424866,0.6204755902290344,0.9967920184135437,0.6080146431922913
74,0.09845404326915741,4.660294532775879,0.0,0.1702057421207428,4.273555278778076,0.0,0.18545150756835938,3.1908228397369385,9.1890230178833,26.814682006835938,0.0,1.1239497661590576,0.5988488793373108,1.2608773708343506,0.9046809077262878
75,0.10107357054948807,4.776254653930664,0.001353018800728023,0.17062270641326904,4.146514415740967,1.306567907333374,0.18589474260807037,3.3750767707824707,20.867027282714844,41.49747085571289,0.12428432703018188,1.2251790761947632,0.6898205876350403,1.368395209312439,1.4101178646087646
76,0.11631034314632416,4.721224784851074,0.0,0.16479434072971344,4.000731945037842,0.0,0.18475283682346344,4.704278945922852,33.19952392578125,62.1257209777832,0.0,1.0940767526626587,0.7303870916366577,1.3852894306182861,2.24111008644104
77,0.11990682035684586,4.823425769805908,0.0,0.1741589903831482,4.4964189529418945,0.0,0.18513594567775726,5.207914352416992,19.680286407470703,82.82382202148438,0.0,1.27351975440979,0.6583458781242371,1.4276217222213745,1.3460793495178223
78,0.12146634608507156,4.333851337432861,0.0,0.1370709091424942,4.05976676940918,0.0,0.16610634326934814,2.569514513015747,8.035316467285156,18.071208953857422,0.0,1.1889152526855469,0.7950665950775146,1.292685866355896,0.8848888874053955
79,0.11915126442909241,5.017890930175781,0.001434817910194397,0.16575919091701508,4.372485160827637,0.0,0.18273454904556274,4.177114486694336,18.017166137695312,47.85728073120117,0.001434817910194397,1.3696736097335815,0.6798714995384216,1.6045587062835693,1.5802537202835083
80,0.11436719447374344,6.813809394836426,0.0,0.1452469825744629,4.438565254211426,0.0,0.16450749337673187,25.11441421508789,74.99654388427734,358.244140625,0.0,1.264019250869751,0.653710126876831,1.985947847366333,5.947545051574707
81,0.1267782300710678,8.837890625,0.0,0.16608285903930664,4.609412670135498,0.0,0.18927907943725586,49.3674201965332,306.8735046386719,742.7781372070312,0.0,1.5050048828125,0.8096533417701721,3.1954944133758545,19.897247314453125
82,0.11090872436761856,5.05697774887085,0.0,0.15694934129714966,4.469827651977539,0.0,0.1770680844783783,4.438763618469238,18.599903106689453,61.14120864868164,0.0,1.42610502243042,0.6587585210800171,1.5883837938308716,1.3586689233779907
83,0.10859885066747665,5.775782585144043,0.006541925016790628,0.1522117704153061,5.135923385620117,0.0,0.17216944694519043,10.067155838012695,70.18546295166016,163.57501220703125,0.13105766475200653,1.788851261138916,0.6851544976234436,2.077589273452759,4.3571696281433105
84,0.11683088541030884,5.0012335777282715,0.0,0.17049944400787354,4.694122314453125,0.0,0.19318698346614838,3.4230234622955322,10.050640106201172,46.49080276489258,0.0,1.705507516860962,0.6187848448753357,1.7731189727783203,1.0876270532608032
85,0.09883284568786621,6.49122953414917,0.0,0.14972513914108276,5.287360668182373,0.0,0.16763105988502502,10.723647117614746,64.18181610107422,135.36907958984375,0.0,2.0754196643829346,0.5549025535583496,2.4866786003112793,4.331248760223389
86,0.12582746148109436,5.422834396362305,0.0,0.1515119969844818,5.064404487609863,0.0,0.16864554584026337,6.92229700088501,58.79572296142578,109.865478515625,0.0,1.8304792642593384,0.7349416613578796,2.137939214706421,3.6886556148529053
87,0.11521288007497787,6.078043460845947,0.0,0.16125036776065826,5.836632251739502,0.0,0.17765186727046967,3.169451951980591,14.053709030151367,35.70365905761719,0.0,2.297238349914551,0.7529734373092651,2.499347686767578,1.5694539546966553
88,0.1331985890865326,6.216180801391602,0.0,0.14239755272865295,6.161601543426514,0.0,0.17386013269424438,2.7512106895446777,11.517224311828613,26.69141387939453,0.0,2.450316905975342,0.6723922491073608,2.515167474746704,1.3042845726013184
89,0.13884799182415009,5.635406494140625,0.0,0.14608190953731537,5.703511714935303,0.0,0.1681288480758667,2.3650383949279785,8.218714714050293,13.100253105163574,0.0,2.1074917316436768,1.0001487731933594,2.301811933517456,1.2738991975784302
90,0.10936333239078522,6.9052276611328125,0.0,0.14329686760902405,6.327753067016602,0.0,0.1541314423084259,9.732398986816406,50.07849884033203,135.693359375,0.0,2.429072380065918,0.6232102513313293,2.8137452602386475,3.8844075202941895
91,0.1358378529548645,6.666835308074951,0.0,0.14056642353534698,6.158238887786865,0.0,0.16471777856349945,10.218771934509277,54.159423828125,133.78955078125,0.0,2.6010284423828125,0.8100446462631226,2.8452160358428955,4.5585103034973145
92,0.12328509241342545,6.431527614593506,0.0,0.13666567206382751,6.392693519592285,0.0,0.15409047901630402,3.8490099906921387,16.851573944091797,37.06711196899414,0.0,2.889540195465088,0.6557714939117432,2.922426700592041,1.8566538095474243
93,0.1344064474105835,12.854239463806152,0.0,0.1229422390460968,6.73974084854126,0.0,0.15511657297611237,92.16021728515625,332.1437072753906,1494.4019775390625,0.0,3.113415002822876,0.6385000944137573,4.52390193939209,20.492549896240234
94,0.13918329775333405,7.007117748260498,0.0,0.13515129685401917,7.148146629333496,0.0,0.15324372053146362,4.567698001861572,40.12161636352539,64.92525482177734,0.0,3.0851593017578125,0.7301395535469055,3.311211347579956,2.8480091094970703
95,0.129304438829422,7.567277431488037,0.0,0.13030722737312317,7.700812339782715,0.0,0.15612292289733887,2.4958391189575195,8.351269721984863,16.419626235961914,0.0,3.581453800201416,0.7311843037605286,3.6902310848236084,1.5766849517822266
96,0.1552203744649887,8.261926651000977,0.0,0.11920043081045151,8.073905944824219,0.0,0.16016113758087158,6.011726379394531,25.968017578125,86.50838470458984,0.0,3.9486191272735596,0.9471004009246826,4.033596992492676,2.4016475677490234
97,0.16151368618011475,9.340808868408203,0.0,0.10988551378250122,8.29695987701416,0.0,0.1567324697971344,17.84647560119629,155.79129028320312,294.2032470703125,0.0,4.3287434577941895,1.0997724533081055,4.976541519165039,9.524005889892578
98,0.14231126010417938,9.145633697509766,7.549921519967029e-06,0.10529810190200806,8.744590759277344,0.0,0.14203937351703644,7.909292221069336,25.882923126220703,127.52803039550781,0.2860395014286041,4.02263069152832,0.737014651298523,4.251529693603516,2.3521111011505127
99,0.13617825508117676,8.257495880126953,0.0,0.11963529139757156,8.141368865966797,0.0,0.15300332009792328,5.7455363273620605,26.729562759399414,77.4684066772461,0.0,3.9370169639587402,0.748569667339325,4.132686614990234,2.51633882522583
100,0.14284303784370422,8.741765975952148,0.0,0.117276132106781,7.978282451629639,0.0,0.14701859652996063,13.557530403137207,118.70148468017578,224.1050567626953,0.0,3.836620569229126,0.6487290859222412,4.352948188781738,7.338626384735107
101,0.12546171247959137,8.405016899108887,0.0,0.11652166396379471,8.237176895141602,0.0,0.1477600634098053,5.052365303039551,41.68533706665039,72.05239868164062,0.0,4.134554386138916,0.8215555548667908,4.246084213256836,3.1063990592956543
102,0.14752931892871857,7.659481048583984,0.0,0.11988971382379532,7.90910530090332,0.0,0.14909353852272034,4.309499263763428,28.54022979736328,54.54307556152344,0.0,3.3802409172058105,0.874465823173523,3.564481735229492,2.56316876411438
103,0.13372476398944855,7.852535247802734,0.0,0.1176925078034401,7.820455551147461,0.0,0.15150240063667297,4.523560523986816,21.213722229003906,51.84965896606445,0.0,3.7278084754943848,0.7094650268554688,3.7628557682037354,2.490914821624756
104,0.1311761885881424,7.525298118591309,0.0,0.09582523256540298,7.27772855758667,0.0,0.12889330089092255,10.176200866699219,69.77180480957031,164.71617126464844,0.0,2.801003932952881,0.7646042704582214,3.159637451171875,4.453480243682861
105,0.14185947179794312,7.550075054168701,0.0,0.11398493498563766,7.697290897369385,0.0,0.1547439694404602,2.9541313648223877,7.6074395179748535,24.317638397216797,0.0,3.3865675926208496,0.6809641718864441,3.3860831260681152,1.7445521354675293
106,0.15415893495082855,6.525191783905029,0.0,0.10189145803451538,6.986325740814209,0.0,0.14475978910923004,2.8424291610717773,8.246423721313477,14.232540130615234,0.0,2.8661351203918457,1.1500656604766846,2.9003336429595947,1.81685471534729
107,0.13993124663829803,7.039322853088379,0.0,0.09695298224687576,7.230099678039551,0.0,0.13215525448322296,3.195545196533203,10.22362232208252,19.499038696289062,0.0,2.932776689529419,0.7096326351165771,2.960905075073242,2.0086426734924316
108,0.13036596775054932,6.742336273193359,0.0,0.11317028850317001,7.176948547363281,0.0,0.13567495346069336,3.2372171878814697,9.551356315612793,16.373414993286133,0.0,2.9575250148773193,0.8440057039260864,3.0140318870544434,2.060228109359741
109,0.12571988999843597,7.32600736618042,0.0,0.09566426277160645,7.5954365730285645,0.0,0.13175396621227264,3.2443222999572754,8.530177116394043,17.564149856567383,0.0,3.2947139739990234,0.713897705078125,3.3270103931427,1.938932180404663
110,0.1376534253358841,11.093232154846191,0.0,0.10947152972221375,6.798093795776367,0.0,0.14614027738571167,66.87215423583984,168.74014282226562,1096.4581298828125,0.0,2.7579574584960938,0.7930876016616821,3.6350979804992676,10.349594116210938
111,0.1620289534330368,7.23574161529541,0.0,0.10048727691173553,7.522696018218994,0.0,0.14855177700519562,3.427973985671997,15.64704418182373,31.277767181396484,0.0,3.109675168991089,0.9913143515586853,3.146909475326538,1.944329857826233
112,0.14915139973163605,7.674184322357178,0.0,0.10264221578836441,7.50256872177124,0.0,0.14204873144626617,8.1402587890625,52.80885314941406,128.99560546875,0.0,3.1262640953063965,0.76483154296875,3.419665813446045,3.698920726776123
113,0.13249459862709045,7.7075347900390625,1.3828278042637976e-06,0.09718019515275955,7.800143241882324,0.0,0.13613304495811462,3.2980527877807617,10.898022651672363,23.295591354370117,0.030973399057984352,3.0056939125061035,0.8148684501647949,3.307657241821289,2.1031198501586914
114,0.13927000761032104,7.652276039123535,0.0,0.10228399187326431,8.004125595092773,0.0,0.13064444065093994,3.7522404193878174,13.228055953979492,27.943540573120117,0.0,3.4822254180908203,0.9932352900505066,3.6493959426879883,2.318207025527954
115,0.11842723190784454,7.665071487426758,0.0,0.09713330864906311,7.791275978088379,0.0,0.1266889125108719,4.358482837677002,25.685110092163086,51.282352447509766,0.0,3.4298198223114014,0.6018872261047363,3.37866473197937,2.420403480529785
116,0.16245046257972717,8.188712120056152,0.0,0.0939713642001152,8.757274627685547,0.0,0.14039994776248932,3.364182233810425,11.098244667053223,19.664518356323242,0.0,4.10750150680542,1.0270447731018066,4.05262565612793,2.1651718616485596
117,0.11148981750011444,8.362269401550293,0.0,0.09775785356760025,8.286872863769531,0.0,0.11602582782506943,7.380030155181885,58.63651657104492,111.87150573730469,0.0,3.5262668132781982,0.7615891695022583,3.796523094177246,3.894449234008789
118,0.1355648636817932,8.412546157836914,9.064873302122578e-05,0.09208351373672485,8.255643844604492,0.0,0.12451456487178802,3.646825075149536,13.562153816223145,34.856773376464844,0.015742670744657516,3.480099678039551,0.8961821794509888,3.5908713340759277,1.958787441253662
119,0.14086408913135529,9.503521919250488,0.0,0.09672383219003677,7.5918450355529785,0.0,0.13713985681533813,32.29585266113281,53.3817138671875,532.8154296875,0.0,3.243469715118408,0.8459137678146362,3.7913002967834473,3.922333002090454
120,0.1269214153289795,7.785719394683838,0.0003359764814376831,0.10045287758111954,8.153359413146973,0.0,0.13601265847682953,3.2180404663085938,14.184221267700195,26.24724006652832,0.03269980102777481,3.3897969722747803,0.7000824213027954,3.5532772541046143,2.1570041179656982
121,0.11688131093978882,7.521400451660156,0.0,0.08771194517612457,7.730489730834961,0.0,0.11452849954366684,3.7017152309417725,25.129985809326172,43.93003463745117,0.0,3.0967001914978027,0.6987455487251282,3.4082119464874268,2.396904706954956
122,0.11319675296545029,7.368348598480225,0.0,0.097275510430336,7.63911247253418,0.0,0.1238768994808197,3.2322232723236084,15.872933387756348,30.23150062561035,0.0,3.462285280227661,0.7378718256950378,3.4514076709747314,1.9846209287643433
123,0.1303005963563919,7.831512928009033,0.0,0.10739223659038544,8.135137557983398,0.0,0.139084592461586,2.9052531719207764,10.296171188354492,21.4537410736084,0.0,3.730717897415161,0.7332102060317993,3.765106201171875,1.9422471523284912
124,0.14614148437976837,8.0529146194458,0.0,0.10433488339185715,8.188076972961426,0.0,0.1414565145969391,5.197530269622803,25.072969436645508,79.3232421875,0.0,3.772430419921875,0.8802396655082703,3.9160282611846924,2.280740976333618
125,0.14813554286956787,8.297286987304688,0.0,0.09244877099990845,7.747957229614258,0.0,0.1369396299123764,9.799311637878418,28.858015060424805,129.8156280517578,0.0,3.5825719833374023,0.8256678581237793,3.7968640327453613,2.8383305072784424
126,0.14117886126041412,7.918333053588867,0.0,0.08752915263175964,7.703688144683838,0.0,0.12717017531394958,3.657224655151367,14.37004280090332,29.29498291015625,0.0,3.3619678020477295,0.9630017280578613,3.635200023651123,2.1425914764404297
127,0.15920935571193695,7.588733673095703,0.0,0.10071871429681778,7.770835876464844,0.0,0.1443580538034439,3.344973564147949,9.915172576904297,21.559391021728516,0.0,3.362787961959839,1.1727627515792847,3.4321653842926025,2.0518627166748047
128,0.1302325427532196,7.333492755889893,0.0,0.09678284823894501,7.703274250030518,0.0,0.12526507675647736,3.870112419128418,14.792224884033203,30.936981201171875,0.0,2.876610517501831,0.8005056381225586,3.0079708099365234,1.9993984699249268
129,0.11695116758346558,7.78694486618042,0.0,0.08432496339082718,7.878500938415527,0.0,0.12067356705665588,4.60875940322876,19.605945587158203,42.47005844116211,0.0,2.9714314937591553,0.6171870231628418,3.1348283290863037,2.2796313762664795
130,0.10921253263950348,7.813926696777344,0.0,0.07812421768903732,7.788543701171875,0.0,0.11547595262527466,3.4668312072753906,10.999879837036133,18.282058715820312,0.0,3.0052616596221924,0.5060391426086426,3.3110928535461426,1.947089672088623
131,0.13173575699329376,9.825414657592773,0.0,0.09859371930360794,7.645849227905273,0.0,0.13443274796009064,38.60073471069336,319.8030700683594,639.1985473632812,0.0,3.2341959476470947,0.7570995092391968,4.531177520751953,19.38368797302246
132,0.12626199424266815,7.6795501708984375,0.00019999912183266133,0.1027810126543045,7.449975490570068,0.0,0.12802375853061676,4.8222479820251465,42.54731369018555,56.72550964355469,0.026250213384628296,2.6922292709350586,0.7682133316993713,3.1445469856262207,3.1321592330932617
133,0.12949763238430023,7.486050128936768,0.0,0.11479275673627853,6.832121849060059,0.0,0.13952577114105225,13.649417877197266,122.36654663085938,224.1344757080078,0.0,2.7040836811065674,0.7138040065765381,3.2651259899139404,7.55690860748291
134,0.1282680779695511,7.095729827880859,0.0007233470678329468,0.09001563489437103,6.96049690246582,0.0,0.13100174069404602,4.107138633728027,20.353256225585938,38.9949836730957,0.008919751271605492,2.5741891860961914,0.7481626868247986,2.8004965782165527,2.1110193729400635
135,0.14330707490444183,6.30897331237793,0.0,0.11018925160169601,6.278031349182129,0.0,0.14347302913665771,3.2728991508483887,7.266282081604004,30.830890655517578,0.0,2.2655370235443115,0.8545738458633423,2.466294050216675,1.597353219985962
136,0.12117140740156174,7.56427001953125,0.0,0.09807281941175461,7.545551300048828,0.0,0.13484780490398407,3.895338535308838,26.623977661132812,50.52055740356445,0.0,3.009268045425415,0.7685270309448242,3.1273717880249023,2.2652530670166016
137,0.12784229218959808,6.212372779846191,0.0,0.0847390741109848,6.526956558227539,0.0,0.11590874940156937,3.4834139347076416,12.052075386047363,20.66069984436035,0.0,2.0257275104522705,0.8479496240615845,2.3866922855377197,1.9246718883514404
138,0.12324429303407669,6.87876033782959,0.0,0.0897853896021843,6.4842681884765625,0.0,0.12033562362194061,7.4684271812438965,48.548423767089844,102.92884063720703,0.0,2.407794713973999,0.6907501220703125,2.798635244369507,3.62580943107605
139,0.10274679958820343,6.89139461517334,0.0006587356328964233,0.10181539505720139,6.576224327087402,0.0,0.1228896975517273,4.526306629180908,13.71341609954834,43.0845832824707,0.009880825877189636,2.221165657043457,0.624650239944458,2.502269744873047,1.9320659637451172
140,0.13016009330749512,6.161787509918213,0.0,0.09900104254484177,6.12734317779541,0.0,0.1276077926158905,6.956675052642822,55.037227630615234,109.9099349975586,0.0,2.2198896408081055,0.7376620173454285,2.4003994464874268,3.4935293197631836
141,0.11163076758384705,6.380434036254883,0.0,0.08856348693370819,6.434107780456543,0.0,0.11211126297712326,3.4594171047210693,8.885031700134277,17.80630111694336,0.0,2.434868097305298,0.5755575299263,2.6386120319366455,1.8629995584487915
142,0.13046026229858398,7.102264881134033,0.0,0.07887934148311615,6.937689781188965,0.0,0.11572086066007614,7.124907970428467,30.8826961517334,103.69313049316406,0.0,2.3691680431365967,0.6629045605659485,2.67756724357605,2.484060287475586
143,0.12690487504005432,7.402414321899414,0.0,0.1072501614689827,7.510772705078125,0.0,0.1417984515428543,8.310280799865723,26.407567977905273,131.76866149902344,0.0,2.911442279815674,0.6327954530715942,3.1493470668792725,2.4726598262786865
144,0.12945754826068878,6.609727382659912,0.0,0.08535114675760269,6.80921745300293,0.0,0.12446297705173492,3.68666410446167,9.973299026489258,23.24238395690918,0.0,2.4065074920654297,0.8573489785194397,2.5574593544006348,1.9616938829421997
145,0.11959510296583176,8.064685821533203,0.0,0.11365137994289398,7.774655818939209,0.0,0.13605616986751556,5.531188011169434,27.004241943359375,59.02524185180664,0.0,3.22548508644104,0.8116738796234131,3.4872920513153076,2.6836979389190674
146,0.1234465017914772,6.779832363128662,0.0,0.07031500339508057,6.956035137176514,0.0,0.11296579986810684,4.001347064971924,11.570084571838379,25.389497756958008,0.0,2.3417716026306152,0.6989390254020691,2.5397377014160156,1.9317089319229126
147,0.13735419511795044,6.990835666656494,0.0,0.10652271658182144,6.39237117767334,0.0,0.13822825253009796,4.35848331451416,32.784156799316406,47.76823806762695,0.0,2.589156150817871,0.9797144532203674,2.9494690895080566,2.707132577896118
148,0.14786705374717712,7.728562355041504,5.960464477539063e-08,0.10510259121656418,7.356926918029785,0.0,0.14338599145412445,4.5198073387146,33.663917541503906,63.083839416503906,0.022471750155091286,3.2405636310577393,0.9939524531364441,3.556201219558716,2.7632410526275635
149,0.10209628194570541,8.131745338439941,9.934107083608978e-07,0.07778557389974594,8.103636741638184,0.0,0.10364323854446411,3.258415460586548,13.582849502563477,24.373868942260742,0.052721116691827774,3.0863068103790283,0.6879981756210327,3.2008657455444336,1.884507179260254
150,0.11347944289445877,7.2979607582092285,0.0,0.11080541461706161,7.047250270843506,0.0,0.13060152530670166,3.4666213989257812,10.229960441589355,28.194698333740234,0.0,3.0003156661987305,0.5696095824241638,3.100801944732666,1.842218279838562
151,0.13222026824951172,7.725356101989746,0.0,0.09383702278137207,7.595373153686523,0.0,0.1242886409163475,5.128564357757568,40.125396728515625,62.36302185058594,0.0,3.266118049621582,0.8528634905815125,3.5631089210510254,3.1360867023468018
152,0.11715032160282135,7.814136028289795,1.9073486612342094e-07,0.06480934470891953,7.740861892700195,0.0,0.10440671443939209,3.4888222217559814,9.936429023742676,30.102636337280273,0.027240604162216187,2.9501235485076904,0.7736576795578003,3.25128173828125,2.071686029434204
153,0.13494282960891724,10.354640007019043,0.0,0.12472805380821228,7.795119762420654,0.0,0.14848965406417847,38.554176330566406,338.4403076171875,620.473876953125,0.0,3.1939566135406494,0.7241751551628113,4.658172130584717,20.763038635253906
154,0.14801126718521118,8.071317672729492,3.8743019104003906e-07,0.08353713899850845,7.797544002532959,0.0,0.13051587343215942,6.8422627449035645,18.639251708984375,102.29917907714844,0.0224684476852417,3.010453701019287,1.070354700088501,3.391653060913086,2.2914247512817383
155,0.118012435734272,9.222126007080078,2.2172928311192663e-06,0.07604207843542099,9.001843452453613,0.0,0.11193548142910004,5.569509983062744,43.01047897338867,73.5772933959961,0.026348769664764404,3.5847764015197754,0.6082077026367188,3.901763916015625,3.3201851844787598
156,0.11507966369390488,8.68352222442627,0.0,0.09990940243005753,8.523465156555176,0.0,0.11788976192474365,5.848447322845459,30.186800003051758,78.46355438232422,0.0,3.829951524734497,0.8294973969459534,3.980386734008789,2.9365806579589844
157,0.12295280396938324,7.266732692718506,0.0,0.07437591999769211,7.359285831451416,0.0,0.10404280573129654,4.153746604919434,26.312795639038086,43.85329818725586,0.0,2.6326048374176025,0.9004451632499695,3.068448781967163,2.5942344665527344
158,0.1319858878850937,7.191343307495117,0.0,0.07550492882728577,7.59518575668335,0.0,0.11275029927492142,3.8512420654296875,13.075787544250488,20.88789939880371,0.0,2.931993007659912,0.915080726146698,2.9732954502105713,2.1411778926849365
159,0.12420634925365448,7.721813201904297,0.0,0.09604047238826752,7.273923873901367,0.0,0.12505678832530975,8.367392539978027,83.99813079833984,129.81521606445312,0.0,2.640449285507202,0.6216737031936646,3.076512098312378,5.29335355758667
160,0.13951554894447327,7.644143104553223,0.0,0.08418399095535278,7.609379768371582,0.0,0.12339628487825394,3.4869332313537598,9.814688682556152,17.08037567138672,0.0,2.7302956581115723,0.8333207368850708,2.951211929321289,1.969954252243042
161,0.12383261322975159,7.37038516998291,0.0,0.08459484577178955,7.452834129333496,0.0,0.11004550009965897,3.330355644226074,9.205941200256348,22.59650993347168,0.0,2.9968273639678955,0.7846546173095703,3.160421371459961,2.0169994831085205
162,0.10829025506973267,7.044994831085205,0.0,0.0755380392074585,7.605469703674316,0.0,0.10325166583061218,4.202192783355713,13.989052772521973,37.27299118041992,0.0,2.47056245803833,0.5820630788803101,2.733090877532959,2.079110860824585
163,0.13683605194091797,7.8636860847473145,0.0,0.09673178195953369,7.928736209869385,0.0,0.1270589679479599,3.4897725582122803,8.139104843139648,25.898536682128906,0.0,3.0595719814300537,0.8475229144096375,3.2123281955718994,1.9243850708007812
164,0.22207733988761902,6.977578163146973,0.0,0.11631961911916733,7.2526421546936035,0.0,0.15642613172531128,2.749157667160034,7.748430252075195,15.900490760803223,0.0,2.690106153488159,2.999898910522461,2.8412342071533203,1.682378888130188
165,0.1166660264134407,6.700638771057129,0.0,0.10038064420223236,6.649737358093262,0.0,0.13030067086219788,2.9481425285339355,9.556194305419922,14.525169372558594,0.0,2.614553928375244,0.5547377467155457,2.796483039855957,1.7459243535995483
166,0.14751607179641724,9.575721740722656,0.0,0.10986986011266708,7.734500408172607,0.0,0.14767323434352875,33.645633697509766,370.6795349121094,556.0048828125,0.0,2.8667242527008057,1.3407554626464844,4.513680458068848,22.524248123168945
167,0.12469112873077393,9.449238777160645,0.0,0.09286230057477951,7.476780891418457,0.0,0.123933345079422,34.015037536621094,71.19068908691406,569.425048828125,0.0,2.8334810733795166,0.6604554057121277,3.2534899711608887,4.600951194763184
168,0.12555313110351562,7.70648193359375,9.695689186628442e-06,0.10607114434242249,7.681555271148682,0.0,0.1336950659751892,3.8957531452178955,9.781967163085938,35.57389450073242,0.009150947444140911,3.0301461219787598,0.8922800421714783,3.222029209136963,1.8716367483139038
169,0.13539712131023407,8.25142765045166,0.0,0.11238522082567215,7.670348167419434,0.0,0.13822141289710999,9.06622314453125,44.94283676147461,100.4882583618164,0.0,3.061016082763672,0.7886962890625,3.425588846206665,3.807468891143799
170,0.1478256732225418,9.557271957397461,0.0,0.11528180539608002,7.320387363433838,0.0,0.15016987919807434,43.91744613647461,335.1662292480469,726.0324096679688,0.0,2.815708875656128,0.9943373799324036,4.1154046058654785,20.319902420043945
171,0.10646411776542664,7.502281665802002,0.0,0.0850066989660263,7.6643829345703125,0.0,0.1116785928606987,4.704498767852783,18.76615333557129,46.836116790771484,0.0,2.4562950134277344,0.5445117354393005,3.108067274093628,2.6364009380340576
172,0.11893121898174286,8.033394813537598,0.0,0.11834019422531128,8.062126159667969,0.0,0.13619288802146912,5.553018569946289,47.88095474243164,82.87003326416016,0.0,3.440647602081299,0.632498562335968,3.5924088954925537,3.261202096939087
173,0.13012292981147766,7.689698696136475,0.0,0.08951318264007568,7.847072124481201,0.0,0.12480681389570236,4.357135772705078,11.060948371887207,38.69231414794922,0.0,3.000857353210449,0.777597963809967,3.260061025619507,2.1535820960998535
174,0.12376441806554794,7.339835166931152,2.1855036891338386e-07,0.08808697760105133,7.324761867523193,0.0,0.11975187063217163,4.965723991394043,37.66910171508789,66.60420989990234,0.008095715194940567,2.713046073913574,0.8034179210662842,2.990105152130127,2.9298465251922607
175,0.11266349256038666,7.1318817138671875,0.0,0.08637665212154388,7.351100921630859,0.0,0.11274035274982452,4.335658550262451,9.880199432373047,22.202980041503906,0.0,2.4870717525482178,0.6081396341323853,2.7865657806396484,2.008401393890381
176,0.12848643958568573,8.368148803710938,0.0,0.09616609662771225,8.081548690795898,0.0,0.12739314138889313,7.358849048614502,25.04715919494629,112.33694458007812,0.0,3.2121455669403076,0.8648262619972229,3.475893259048462,2.5232017040252686
177,0.13164398074150085,7.931891918182373,0.0,0.07022792100906372,8.130038261413574,0.0,0.11209973692893982,5.233515739440918,27.067655563354492,58.62899398803711,0.0,3.2308943271636963,0.7644167542457581,3.498530626296997,2.8740968704223633
178,0.13560374081134796,7.441277503967285,0.0,0.08255847543478012,7.60335111618042,0.0,0.12480834126472473,4.076592922210693,12.34906005859375,36.41556167602539,0.0,2.914174795150757,0.699661910533905,3.1277239322662354,2.1568286418914795
179,0.10533134639263153,9.571505546569824,0.0,0.06740400195121765,8.1609525680542,0.0,0.09910289943218231,33.13660430908203,255.325927734375,552.9451293945312,0.0,2.901296377182007,0.6040255427360535,4.050949573516846,15.338253021240234
180,0.1159893125295639,7.882858753204346,0.0,0.06941356509923935,8.143805503845215,0.0,0.10351797938346863,4.189874172210693,10.47831916809082,18.579914093017578,0.0,3.2269084453582764,0.64641934633255,3.4867641925811768,2.519162654876709
181,0.11868178099393845,8.84725570678711,2.384185791015625e-07,0.060689471662044525,8.868083000183105,0.0,0.09501931071281433,3.634596347808838,13.890179634094238,26.021217346191406,0.004157728515565395,3.1819257736206055,0.6232459545135498,3.464918851852417,2.287397623062134
182,0.13590319454669952,9.140298843383789,0.0,0.08174309134483337,8.920716285705566,0.0,0.12081760913133621,3.813013792037964,11.128506660461426,20.172800064086914,0.0,3.8378093242645264,0.8137947916984558,4.045870304107666,2.4811131954193115
183,0.09774453192949295,9.302815437316895,1.1920928955078125e-07,0.05160398781299591,9.399530410766602,0.0,0.08497853577136993,5.304272651672363,13.181005477905273,48.75288391113281,0.027839038521051407,3.755660057067871,0.6854286789894104,3.759932518005371,2.6738030910491943
184,0.12063266336917877,9.189821243286133,0.0,0.07534446567296982,9.248133659362793,0.0,0.10949496179819107,3.6109681129455566,11.474390029907227,18.821786880493164,0.0,3.70973801612854,0.8329160809516907,4.05177116394043,2.5482938289642334
185,0.10096506029367447,9.229328155517578,0.0,0.03789995610713959,9.762656211853027,0.0,0.07571704685688019,4.347305774688721,13.12846851348877,19.006860733032227,0.0,4.271364212036133,0.6616986989974976,4.334786415100098,3.074708938598633
186,0.11568932235240936,9.63472843170166,0.0,0.08088161796331406,9.57192611694336,0.0,0.10767637938261032,5.86093807220459,40.96369552612305,75.47126770019531,0.0,4.498945236206055,0.5855494141578674,4.667616844177246,3.4260361194610596
187,0.13946017622947693,9.407437324523926,0.0,0.06455034017562866,9.655799865722656,0.0,0.10924732685089111,7.923125743865967,49.21529769897461,117.9794692993164,0.0,3.7422304153442383,0.7077637910842896,4.312316417694092,4.073235988616943
188,0.10871636122465134,9.961623191833496,0.0,0.05835039168596268,10.077630996704102,0.0,0.09641456604003906,6.152392387390137,38.33536911010742,57.557289123535156,0.0,4.266697406768799,0.5857767462730408,4.673769474029541,3.6410622596740723
189,0.12950129806995392,7.615102291107178,0.0,0.04580351710319519,7.978123188018799,0.0,0.09751410037279129,4.518677711486816,11.157365798950195,35.3576545715332,0.0,3.167227268218994,0.7284424901008606,3.3930575847625732,2.5151398181915283
190,0.1401955485343933,9.796486854553223,1.4305115314527939e-07,0.07239241153001785,9.464305877685547,0.0,0.11680753529071808,4.43211030960083,12.608049392700195,49.980133056640625,0.01123057585209608,4.254592418670654,0.9029286503791809,4.536991119384766,2.64272141456604
191,0.10999823361635208,8.528541564941406,0.0,0.0583377331495285,9.006396293640137,0.0,0.09703047573566437,4.5384087562561035,22.241350173950195,37.76598358154297,0.0,3.2753348350524902,0.5389864444732666,3.6417412757873535,2.973663330078125
192,0.12742942571640015,8.949273109436035,0.0,0.06666729599237442,9.186882972717285,0.0,0.10603033751249313,4.156065940856934,14.129414558410645,21.460878372192383,0.0,3.8720617294311523,0.7347636818885803,4.198030948638916,2.7191948890686035
193,0.11715225130319595,8.321759223937988,0.0,0.05598241090774536,8.458257675170898,0.0,0.09322825074195862,4.160763263702393,14.221024513244629,32.0491943359375,0.0,3.0942883491516113,0.8472933769226074,3.4618730545043945,2.492974042892456
194,0.12258335947990417,9.686970710754395,0.0,0.07565957307815552,8.856922149658203,0.0,0.10859539359807968,10.98592472076416,79.61646270751953,139.32667541503906,0.0,3.6262333393096924,0.7536225318908691,4.304317474365234,6.260948181152344
195,0.09756398946046829,9.059957504272461,0.0,0.04810097813606262,8.984804153442383,0.0,0.08051605522632599,6.711452960968018,36.53371047973633,77.48208618164062,0.0,3.406803607940674,0.5764699578285217,4.001350402832031,3.541637897491455
196,0.13247208297252655,8.304532051086426,0.0,0.07761513441801071,8.330821990966797,0.0,0.11441786587238312,4.597960948944092,11.007979393005371,26.782691955566406,0.0,3.3375799655914307,0.7228842377662659,3.5268335342407227,2.4472362995147705
197,0.14373452961444855,8.038104057312012,0.0,0.10116448253393173,7.86875057220459,0.0,0.13703297078609467,3.3401849269866943,10.770280838012695,16.03424835205078,0.0,3.1757757663726807,0.7926889061927795,3.5149126052856445,2.263188123703003
198,0.14576193690299988,9.466079711914062,0.0,0.06933219730854034,9.26089096069336,0.0,0.11259505152702332,5.77908182144165,29.083696365356445,62.15958023071289,0.0,3.632891893386841,1.0763604640960693,3.8698956966400146,2.8015899658203125
199,0.10902857780456543,8.133533477783203,2.5828680350059585e-07,0.047693703323602676,8.150191307067871,0.0,0.09172539412975311,3.764655828475952,11.333585739135742,16.209266662597656,0.00015050172805786133,2.7008261680603027,0.5937685370445251,3.0135698318481445,1.9765688180923462
200,0.0888262465596199,8.66750717163086,3.123283477179939e-06,0.05812952667474747,8.792813301086426,0.0,0.08559523522853851,4.74489688873291,12.263381004333496,38.195594787597656,0.0019109547138214111,3.422712564468384,0.47797712683677673,3.511460781097412,2.307860851287842
201,0.09962240606546402,8.403757095336914,0.0,0.06838557124137878,9.088824272155762,0.0,0.09641949087381363,4.294279098510742,11.225375175476074,21.485767364501953,0.0,3.3907577991485596,0.4889831840991974,3.5940053462982178,2.4944875240325928
202,0.11848652362823486,7.940413475036621,0.0,0.05866274982690811,8.465789794921875,0.0,0.09744881093502045,4.236984729766846,9.219462394714355,18.61377716064453,0.0,3.1943390369415283,0.6578420996665955,3.0965960025787354,2.194892406463623
203,0.12315694242715836,8.788914680480957,0.0,0.057416655123233795,8.91611385345459,0.0,0.10253699123859406,4.433973789215088,11.775591850280762,39.25144577026367,0.0,3.8625314235687256,0.6535884737968445,4.032261848449707,2.679857015609741
204,0.13519223034381866,8.141571998596191,0.0,0.05448390915989876,8.801055908203125,0.0,0.09613451361656189,4.651518821716309,12.584091186523438,22.359895706176758,0.0,2.9764342308044434,0.8268744945526123,3.2405686378479004,2.476378917694092
205,0.12775224447250366,7.6427483558654785,0.0,0.07299799472093582,7.997698783874512,0.0,0.10489986091852188,4.343075275421143,10.458230972290039,17.204944610595703,0.0,3.135991334915161,0.8191807866096497,3.314432382583618,2.4443070888519287
206,0.1242593452334404,8.704566955566406,0.0,0.0773179829120636,9.22379207611084,0.0,0.11133718490600586,5.047071933746338,11.2627534866333,45.602210998535156,0.0,3.250899076461792,0.6870602965354919,3.534334421157837,2.6687755584716797
207,0.1068413034081459,9.037022590637207,0.0,0.048461221158504486,9.236002922058105,0.0,0.08474265784025192,7.770913600921631,11.543721199035645,113.61261749267578,0.0,3.674072027206421,0.5721696019172668,3.530250072479248,2.41227126121521
208,0.15668745338916779,8.839709281921387,0.0,0.06433974206447601,9.148019790649414,0.0,0.11401420086622238,4.83522367477417,20.597911834716797,30.096200942993164,0.0,3.925468921661377,1.5438151359558105,4.343341827392578,3.253098487854004
209,0.14165514707565308,9.091241836547852,6.437301749429025e-07,0.08235509693622589,8.877655029296875,0.0,0.12677116692066193,6.618599891662598,11.233871459960938,96.24868774414062,0.0005112621583975852,3.551112413406372,0.776925265789032,3.5879530906677246,2.1836235523223877
210,0.10011184960603714,8.77906322479248,0.0,0.06520041078329086,8.507819175720215,0.0,0.09863505512475967,6.502533435821533,37.75362777709961,92.71369171142578,0.0,2.9609999656677246,0.42781540751457214,3.512202024459839,3.186983346939087
211,0.1238391175866127,8.834587097167969,0.0,0.054388627409935,9.07313346862793,0.0,0.09535753726959229,4.744527816772461,11.485235214233398,29.86122703552246,0.0,3.567495346069336,0.9371180534362793,3.6816718578338623,2.547189712524414
212,0.08935082703828812,9.290513038635254,0.0,0.041679348796606064,9.815903663635254,0.0,0.07637175917625427,4.280397891998291,12.162967681884766,25.570659637451172,0.0,4.178511619567871,0.482129842042923,4.098750114440918,2.654158115386963
213,0.11219358444213867,9.656203269958496,0.0,0.059651244431734085,9.639545440673828,0.0,0.09358566999435425,8.343202590942383,14.395088195800781,114.27830505371094,0.0,3.867279529571533,0.6244818568229675,3.880319833755493,2.7808468341827393
214,0.12340983748435974,7.737632751464844,0.0,0.04498795047402382,8.008346557617188,0.0,0.09456123411655426,7.135561466217041,53.676368713378906,93.93140411376953,0.0,2.9591500759124756,0.7141145467758179,3.0598108768463135,3.7722742557525635
215,0.10418590158224106,7.939506530761719,0.0,0.05202152580022812,8.3958158493042,0.0,0.08333241939544678,4.451556205749512,10.78264331817627,21.894468307495117,0.0,3.117042303085327,0.8898292183876038,3.1527340412139893,2.30191707611084
216,0.12374965846538544,12.051412582397461,2.205371856689453e-06,0.05644718557596207,8.601241111755371,0.0,0.09817808866500854,48.273311614990234,329.4212341308594,705.7967529296875,0.003114688443019986,3.3045027256011963,0.8283757567405701,4.898018836975098,20.575376510620117
217,0.10658053308725357,9.313434600830078,3.099441414633475e-07,0.0730862021446228,9.278237342834473,0.0,0.09709817171096802,4.516899108886719,11.187610626220703,25.363327026367188,0.015110545791685581,3.984455108642578,0.6982133984565735,3.9430665969848633,2.468350648880005
218,0.11727537214756012,7.635561943054199,0.0,0.06386114656925201,8.121556282043457,0.0,0.09617719054222107,4.562392711639404,16.109722137451172,34.71352005004883,0.0,3.1628148555755615,0.9390935897827148,3.2882518768310547,2.478281021118164
219,0.10734071582555771,9.095189094543457,0.0,0.08944123238325119,9.519789695739746,0.0,0.10457571595907211,4.184597015380859,10.40003776550293,23.34539222717285,0.0,3.759002208709717,0.6039178371429443,4.024191379547119,2.5967788696289062
220,0.1113419160246849,9.00887393951416,0.0,0.047062695026397705,9.687922477722168,0.0,0.08017665892839432,5.369004249572754,14.652231216430664,25.873947143554688,0.0,3.4456064701080322,0.6366137266159058,4.079121112823486,3.213216543197632
221,0.11342460662126541,9.066643714904785,0.0,0.06258077919483185,9.348128318786621,0.0,0.09606076776981354,4.136458396911621,10.533915519714355,21.59077262878418,0.0,4.312527179718018,0.6616805195808411,4.275527000427246,2.5954887866973877
222,0.1293996274471283,9.191605567932129,0.0,0.05570884048938751,9.238396644592285,0.0,0.10340392589569092,5.212560653686523,12.481148719787598,54.765682220458984,0.0,3.4512765407562256,0.714585542678833,3.7737743854522705,2.5957999229431152
223,0.12175773084163666,10.335665702819824,0.0,0.06304407119750977,10.931306838989258,0.0,0.09835316240787506,4.71281099319458,13.06700611114502,52.698204040527344,0.0,4.275927543640137,0.673342227935791,4.623622417449951,2.7206766605377197
224,0.11354941129684448,9.106850624084473,0.0,0.04020901396870613,9.914119720458984,0.0,0.07974065095186234,4.969069957733154,12.540437698364258,27.412988662719727,0.0,4.063877582550049,0.7200760245323181,4.201778888702393,2.979759931564331
225,0.1247204840183258,9.16150188446045,0.0,0.03642982989549637,9.620829582214355,0.0,0.08455144613981247,6.200141906738281,12.275162696838379,66.95267486572266,0.0,3.8051838874816895,0.9787365198135376,3.858828544616699,2.6558837890625
226,0.11821754276752472,10.059806823730469,2.6226044269606064e-07,0.048803120851516724,10.212874412536621,0.0,0.09122256934642792,6.28446626663208,25.68891716003418,77.06221008300781,0.0010239481925964355,4.346324920654297,0.7861490249633789,4.446159839630127,3.270725727081299
227,0.09802494198083878,10.880807876586914,0.0,0.07453331351280212,9.604188919067383,0.0,0.09420379251241684,22.226577758789062,97.87592315673828,358.8736877441406,0.0,3.694962739944458,0.5667136907577515,4.530141830444336,6.687711715698242
228,0.09539137035608292,8.843337059020996,0.0,0.028943678364157677,8.986477851867676,0.0,0.06658211350440979,4.673755168914795,10.795387268066406,27.21004867553711,0.0,3.350930690765381,0.5400565266609192,3.467005968093872,2.3217573165893555
229,0.1126297116279602,8.155557632446289,0.0,0.05719965323805809,8.71541690826416,0.0,0.09149951487779617,4.414150714874268,12.93712329864502,18.45496940612793,0.0,2.970508098602295,0.6163715124130249,3.378685712814331,2.595412015914917
230,0.13295526802539825,8.631952285766602,0.0,0.05902406573295593,9.357889175415039,0.0,0.1023714616894722,4.604775428771973,11.705031394958496,20.11081314086914,0.0,3.7319536209106445,0.9023443460464478,3.7645628452301025,2.6802711486816406
231,0.10540332645177841,8.455453872680664,0.0,0.028067205101251602,8.995292663574219,0.0,0.06933080404996872,5.004784107208252,11.855229377746582,22.8873291015625,0.0,3.311741352081299,0.5777932405471802,3.6477904319763184,2.8683886528015137
232,0.11533944308757782,9.68945598602295,0.0,0.06338490545749664,9.94843578338623,0.0,0.09920231997966766,4.5562310218811035,11.495473861694336,33.12782287597656,0.0,3.7126998901367188,0.8379442095756531,4.000733375549316,2.6166255474090576
233,0.11447726935148239,7.29404354095459,0.0,0.06717193871736526,7.858097553253174,0.0,0.09881258755922318,5.085240840911865,12.699806213378906,21.218950271606445,0.0,2.151777982711792,0.745257556438446,2.889540910720825,2.7975776195526123
234,0.09355589747428894,9.820524215698242,0.0,0.07541021704673767,8.676410675048828,0.0,0.0934893786907196,16.38250160217285,78.81670379638672,247.66224670410156,0.0,2.829744577407837,0.5566339492797852,3.549973249435425,5.248904705047607
235,0.11852205544710159,8.827848434448242,0.0,0.044708285480737686,9.133783340454102,0.0,0.08404868096113205,4.5174241065979,12.778484344482422,29.287113189697266,0.0,2.6127161979675293,0.7695500254631042,3.173309087753296,2.5369997024536133
236,0.12274093180894852,9.206329345703125,0.0,0.07238924503326416,9.698959350585938,0.0,0.10578295588493347,5.1475629806518555,12.844146728515625,26.50176429748535,0.0010913610458374023,3.630005121231079,0.6740583777427673,3.9435627460479736,3.0851974487304688
237,0.1467023342847824,9.978842735290527,2.9802322387695312e-08,0.06595692038536072,9.935565948486328,0.0,0.11500600725412369,6.729818820953369,25.856201171875,87.77416229248047,0.007386893033981323,4.2344136238098145,0.8040536046028137,4.504293918609619,3.3111109733581543
238,0.1102643758058548,8.09910774230957,0.0,0.04088618978857994,8.642752647399902,0.0,0.08489740639925003,4.809689998626709,12.210184097290039,24.72768783569336,0.0,3.049189567565918,0.6965904235839844,3.265993356704712,2.665048122406006
239,0.10995114594697952,8.55772590637207,0.0,0.06129853054881096,8.202988624572754,0.0,0.09656453132629395,4.424737453460693,11.62237548828125,20.911684036254883,0.0,2.8285164833068848,0.6195302605628967,3.0418739318847656,2.349317789077759
240,0.10209677368402481,7.950503349304199,0.0,0.05838560312986374,8.16369342803955,0.0,0.09246835112571716,4.317257881164551,11.11573314666748,20.64411163330078,0.0,3.040583610534668,0.5951769351959229,3.3160555362701416,2.550403594970703
241,0.11288393288850784,7.6603498458862305,1.1920928955078125e-07,0.049568772315979004,7.791861057281494,0.0,0.08732812106609344,5.20317268371582,15.775070190429688,51.14084243774414,0.00010814931738423184,2.4033620357513428,0.6112176179885864,2.824453353881836,2.534665107727051
242,0.10258118063211441,9.391362190246582,1.0967254638671875e-05,0.03411740064620972,9.517701148986816,0.0,0.0745697170495987,4.677627086639404,9.531466484069824,23.301786422729492,0.0002794795436784625,3.468775987625122,0.7215832471847534,3.6018662452697754,2.453308582305908
243,0.09371829777956009,8.529273986816406,6.301062285274384e-07,0.04970702901482582,8.738466262817383,0.0,0.07880452275276184,5.352438449859619,11.805292129516602,28.16293716430664,0.0010445514926686883,2.612478256225586,0.5713995099067688,3.1359641551971436,2.6371703147888184
244,0.10680422186851501,8.43685245513916,0.0,0.05119919031858444,8.63496208190918,0.0,0.08463563024997711,4.937658309936523,17.424962997436523,34.8292121887207,0.0,2.8351516723632812,0.7175230383872986,3.1541080474853516,2.508389711380005
245,0.09678012132644653,9.610289573669434,0.0,0.04960436746478081,9.145383834838867,0.0,0.08274837583303452,10.193158149719238,29.960235595703125,149.75625610351562,0.0,3.076923131942749,0.4763564467430115,3.6790175437927246,3.2082815170288086
246,0.11353213340044022,9.404349327087402,0.0,0.05365901440382004,8.793741226196289,0.0,0.09477324038743973,9.250694274902344,13.696660041809082,136.93626403808594,0.0,2.9336585998535156,0.6746145486831665,3.2498679161071777,2.5339298248291016
247,0.09365773946046829,8.139031410217285,0.0,0.03850198909640312,8.623747825622559,0.0,0.06812918186187744,5.008939743041992,12.881636619567871,24.24159812927246,0.0,2.741844892501831,0.6614031195640564,3.2308709621429443,2.7499940395355225
248,0.10436974465847015,9.366599082946777,0.0,0.04025347903370857,9.299814224243164,0.0,0.0819183886051178,5.8241376876831055,14.743191719055176,41.739803314208984,0.0,3.1282081604003906,0.6107268929481506,3.3912911415100098,2.628858804702759
249,0.10319476574659348,9.27715015411377,0.0,0.06406387686729431,9.607573509216309,0.0,0.0913962721824646,4.95502233505249,12.497125625610352,24.1057186126709,0.0,3.3899648189544678,0.6010507345199585,3.7002265453338623,2.8198492527008057
250,0.12476424872875214,8.945418357849121,0.0,0.04779824987053871,8.969247817993164,0.0,0.09330186992883682,9.590746879577637,28.59488296508789,142.79742431640625,0.0,3.301910400390625,0.6969958543777466,3.4820778369903564,2.9386425018310547
251,0.12062768638134003,10.306818962097168,2.6226044269606064e-07,0.05184471607208252,10.44007682800293,0.0,0.09581054747104645,4.718904495239258,14.575969696044922,25.481639862060547,5.528661858988926e-05,3.682819128036499,0.6277849078178406,4.157285213470459,2.9006340503692627
252,0.12373269349336624,10.038970947265625,1.9073486612342094e-07,0.049178481101989746,10.352599143981934,0.0,0.09220780432224274,4.846518516540527,12.261259078979492,24.44767189025879,0.0001748800277709961,3.654723644256592,0.654925525188446,3.960679292678833,2.7808480262756348
253,0.11945640295743942,7.685114860534668,0.0,0.019689831882715225,8.145816802978516,0.0,0.07544656842947006,5.591874122619629,19.905113220214844,26.370676040649414,0.0,2.0785739421844482,0.7130309343338013,3.0962307453155518,3.092578411102295
254,0.11317399144172668,8.808880805969238,0.0,0.06001036986708641,9.016743659973145,0.0,0.09564761817455292,4.834996700286865,11.34758472442627,20.182043075561523,0.0,3.3212718963623047,0.7259588837623596,3.4796133041381836,2.5462846755981445
255,0.11886779963970184,9.625055313110352,4.7683716530855236e-08,0.057252541184425354,9.80941104888916,0.0,0.09275258332490921,5.251357078552246,13.086555480957031,39.205604553222656,0.005160725209861994,3.4947457313537598,0.8284823894500732,3.9520740509033203,3.0108797550201416
256,0.11570841819047928,9.228464126586914,0.0,0.04317563772201538,9.427769660949707,0.0,0.0801173597574234,5.659557819366455,16.66843032836914,58.47026824951172,0.0,3.293489694595337,0.8833281397819519,3.7113091945648193,2.9867472648620605
257,0.09167617559432983,7.595217227935791,0.0,0.055437009781599045,7.777326583862305,0.0,0.0801040306687355,6.937525272369385,13.000914573669434,78.15144348144531,0.0,1.633760929107666,0.5624899864196777,2.3703978061676025,2.403275966644287
258,0.12987998127937317,10.051371574401855,0.0,0.04620559513568878,9.139430046081543,0.0,0.09209862351417542,23.04981231689453,179.3673553466797,358.7345275878906,0.0,2.8735647201538086,0.9029048085212708,4.190528392791748,11.466906547546387
259,0.10643117129802704,8.899989128112793,0.0,0.029837409034371376,9.686772346496582,0.0,0.07242677360773087,5.328949451446533,13.011305809020996,26.16956901550293,0.0,2.5882232189178467,0.721691370010376,3.4994962215423584,3.123987913131714
260,0.0967564582824707,8.606006622314453,0.0,0.03153826668858528,9.432239532470703,0.0,0.06628948450088501,5.28054141998291,10.652987480163574,24.004255294799805,0.0,2.6275553703308105,0.6236414909362793,2.9759557247161865,2.533660650253296
261,0.11310869455337524,8.601285934448242,0.0,0.03005639649927616,9.235597610473633,0.0,0.07223949581384659,6.004269599914551,14.146660804748535,25.570497512817383,0.0,2.7238051891326904,0.7640148997306824,3.4603865146636963,3.26497220993042
262,0.10711713135242462,8.902754783630371,7.152557657263969e-08,0.04462577775120735,8.973666191101074,0.0,0.08064863085746765,5.929393768310547,11.81606674194336,24.431623458862305,0.0004072040319442749,2.446760416030884,0.6494041681289673,3.3458852767944336,3.052936315536499
263,0.1088019385933876,9.013999938964844,0.0,0.056420791894197464,9.684558868408203,0.0,0.08440915495157242,5.61954402923584,12.130971908569336,23.46862030029297,0.0,2.5828638076782227,0.6567406058311462,3.1527063846588135,2.7880399227142334
264,0.10387630760669708,8.445134162902832,0.0,0.03297486528754234,9.032190322875977,0.0,0.07146312296390533,4.883737087249756,15.828934669494629,20.48450469970703,0.0,2.752349853515625,0.7414067387580872,3.232330322265625,2.6290442943573
265,0.11588243395090103,9.985206604003906,0.0,0.02788200043141842,10.184934616088867,0.0,0.08532775193452835,6.37525749206543,32.492862701416016,64.98197937011719,0.0,3.7107436656951904,0.6934325098991394,3.9405910968780518,3.3191559314727783
266,0.1169530600309372,9.396944046020508,1.6490618008901947e-06,0.040726467967033386,10.01512622833252,0.0,0.08882372081279755,5.374398231506348,16.20965576171875,41.9337272644043,0.0012580454349517822,3.0331177711486816,0.7289755344390869,3.4494495391845703,2.5795674324035645
267,0.10618732124567032,9.2153902053833,0.0,0.04326212406158447,9.316062927246094,0.0,0.08007720857858658,6.789869785308838,11.88153076171875,58.37841796875,0.0,2.597264289855957,0.7933629751205444,3.406644821166992,2.9522042274475098
268,0.1216123029589653,9.384106636047363,4.7683716530855236e-08,0.0371214784681797,9.289115905761719,0.0,0.08082884550094604,5.58639669418335,15.790389060974121,34.737525939941406,0.0002537874097470194,2.764072895050049,0.7082400321960449,3.6543688774108887,3.3676857948303223
269,0.09227767586708069,9.463033676147461,1.2914340175029793e-07,0.05081195384263992,9.827360153198242,0.0,0.07928242534399033,4.4940948486328125,11.6712007522583,22.945308685302734,0.0005028910236433148,3.153085231781006,0.4827331304550171,3.471752882003784,2.3762173652648926
270,0.09724968671798706,9.206542015075684,0.0,0.04139940068125725,9.809503555297852,0.0,0.07265123724937439,9.81576919555664,13.020578384399414,142.6935272216797,0.0,2.9808638095855713,0.6763583421707153,3.4715940952301025,3.013275384902954
271,0.11135448515415192,9.510848999023438,0.0,0.042663272470235825,10.629502296447754,0.0,0.08313693851232529,5.549644470214844,13.148965835571289,20.96561622619629,0.0,3.0714924335479736,0.675976574420929,3.6253769397735596,2.8316233158111572
272,0.11032181233167648,10.80886459350586,0.0,0.04937314987182617,11.525504112243652,0.0,0.08887645602226257,5.524754047393799,12.127121925354004,37.576087951660156,0.0,3.5455684661865234,0.5470826029777527,4.136364459991455,2.8720269203186035
273,0.09740926325321198,10.174288749694824,1.4305115314527939e-07,0.0366942472755909,10.22687816619873,0.0,0.07871122658252716,4.704488754272461,13.756123542785645,28.4672794342041,2.3815366148483008e-05,3.4949421882629395,0.6706743240356445,3.752267599105835,2.815732002258301
274,0.10588537901639938,10.652925491333008,0.0,0.052261047065258026,10.445731163024902,0.0,0.08784948289394379,8.63479232788086,17.76116180419922,124.09294891357422,0.0,2.850417375564575,0.5915591716766357,3.832095146179199,3.185940980911255
275,0.08954507857561111,13.608156204223633,4.917383193969727e-07,0.03733912855386734,11.217377662658691,0.0,0.06791277229785919,48.4113655090332,120.20856475830078,780.566650390625,0.0002451340260449797,3.8364219665527344,0.541103184223175,4.797396659851074,7.983916759490967
276,0.12738709151744843,9.487826347351074,0.0,0.048879604786634445,9.562177658081055,0.0,0.09431259334087372,5.295649528503418,12.92408275604248,21.529521942138672,0.0,2.830595016479492,0.7342652678489685,3.8250629901885986,3.2983028888702393
277,0.09196298569440842,11.698749542236328,0.0,0.029411211609840393,10.029861450195312,0.0,0.06736544519662857,29.781261444091797,54.849853515625,493.6479797363281,0.0,3.529498815536499,0.6607616543769836,4.2669172286987305,4.58223819732666
278,0.1197730079293251,9.599607467651367,0.0,0.03714270144701004,10.420455932617188,0.0,0.0764286145567894,8.450178146362305,12.939220428466797,113.66824340820312,0.0,3.2407467365264893,0.8103633522987366,3.875335693359375,3.219527006149292
279,0.0954027995467186,9.7089262008667,0.0,0.026328392326831818,11.111808776855469,0.0,0.06254957616329193,5.811057090759277,15.014395713806152,28.235885620117188,0.0,2.866992950439453,0.6109704375267029,3.944939136505127,3.4261727333068848
280,0.10112550854682922,10.494298934936523,0.0,0.018739262595772743,11.219307899475098,0.0,0.061976078897714615,6.118767738342285,14.20378303527832,30.934368133544922,0.0,3.6791694164276123,0.7218385338783264,4.2420244216918945,3.3746800422668457
281,0.1018587276339531,13.0677490234375,2.6226044269606064e-07,0.014600396156311035,13.49677848815918,0.0,0.06300559639930725,8.677661895751953,22.97195053100586,114.7869644165039,0.0011021874379366636,5.614594459533691,0.6026358008384705,5.876757621765137,3.9490251541137695
282,0.10525696724653244,11.111099243164062,0.0,0.024186864495277405,12.171470642089844,0.0,0.06939490884542465,6.81643009185791,16.644071578979492,40.914512634277344,0.0,4.647284030914307,0.6351145505905151,4.941997528076172,3.889814853668213
283,0.09310705959796906,11.760515213012695,4.172325134277344e-07,0.034278444945812225,12.445920944213867,0.0,0.06797625869512558,6.0652360916137695,14.887810707092285,26.149412155151367,0.034278444945812225,4.680665969848633,0.6631945967674255,4.951927185058594,3.7330968379974365
284,0.09323199838399887,11.022275924682617,1.5497207073167374e-07,0.04305728152394295,11.930882453918457,0.0,0.07512739300727844,7.535281658172607,38.9589958190918,70.51031494140625,3.7693978811148554e-05,4.113993167877197,0.7030993103981018,4.769861221313477,4.345625400543213
285,0.09212808310985565,10.934103012084961,0.0,0.019513914361596107,12.398173332214355,0.0,0.05939765274524689,6.833812713623047,14.054004669189453,33.54412078857422,0.0,4.527697563171387,0.6155176162719727,4.882302284240723,3.9088733196258545
286,0.09255029261112213,10.713895797729492,0.0,0.011408045887947083,11.04499340057373,0.0,0.05405401065945625,7.533865928649902,16.860410690307617,26.785364151000977,0.0,3.8651630878448486,0.7088413238525391,4.489626884460449,4.107668399810791
287,0.10816998779773712,12.806827545166016,2.384185791015625e-07,0.02263750322163105,12.84890365600586,0.0,0.06717848777770996,11.158823013305664,41.40766525268555,165.10800170898438,5.187094211578369e-05,4.281454086303711,0.918911337852478,4.857568740844727,4.049699306488037
288,0.09927993267774582,10.428218841552734,0.0,0.03256063163280487,11.060492515563965,0.0,0.07182146608829498,6.899081230163574,15.945694923400879,33.23299026489258,0.0,3.371523857116699,0.6691749691963196,4.4026408195495605,3.879946708679199
289,0.11520492285490036,10.86341381072998,0.0,0.03873344510793686,11.437182426452637,0.0,0.08171993494033813,6.082014560699463,17.838106155395508,26.992431640625,0.0,3.7802391052246094,0.5946804285049438,4.2981367111206055,3.312690496444702
290,0.09270352870225906,10.608726501464844,1.9073486612342094e-07,0.03093680739402771,11.127735137939453,0.0,0.06446573138237,5.759156703948975,14.397477149963379,31.98504638671875,0.0026216625701636076,3.4403858184814453,0.6404030919075012,4.03726863861084,3.2588963508605957
291,0.10143208503723145,10.560569763183594,0.0,0.02748274803161621,11.320624351501465,0.0,0.06679825484752655,6.389714241027832,15.148297309875488,44.83558654785156,0.0,3.1146888732910156,0.6117000579833984,3.9000301361083984,3.2849106788635254
292,0.08685518801212311,10.487430572509766,0.0,0.020008236169815063,10.412958145141602,0.0,0.05632305517792702,8.722270011901855,15.800536155700684,91.06592559814453,0.0,2.523447275161743,0.5189133882522583,3.6218738555908203,3.398606777191162
293,0.10662497580051422,11.21660327911377,3.235680594571022e-07,0.027473390102386475,11.21627426147461,0.0,0.07690645754337311,13.347756385803223,62.1178092956543,207.0042724609375,6.854534149169922e-07,3.754551887512207,0.6522486209869385,4.144556045532227,4.606523036956787
294,0.11259732395410538,11.454662322998047,0.0,0.015904851257801056,11.337698936462402,0.0,0.06761377304792404,14.592893600463867,93.46449279785156,233.6462860107422,0.0,3.607882022857666,0.6653279662132263,4.3552045822143555,6.267160892486572
295,0.12401138246059418,10.96365737915039,0.0,0.029478566721081734,11.469439506530762,0.0,0.0821768268942833,5.836772441864014,15.361856460571289,31.503103256225586,0.0,4.103265285491943,0.7612592577934265,4.438197135925293,3.6038317680358887
296,0.10373953729867935,9.72989273071289,0.0,0.03898828104138374,9.785557746887207,0.0,0.07460933178663254,5.8403825759887695,15.048955917358398,22.909645080566406,0.0,2.8336403369903564,0.5443540811538696,4.007778644561768,3.6542720794677734
297,0.1077241450548172,10.301094055175781,0.0,0.020784156396985054,10.93225383758545,0.0,0.06712262332439423,5.969446182250977,14.11569595336914,41.484073638916016,0.0,3.6731181144714355,0.8116421699523926,4.1318254470825195,3.388535976409912
298,0.09891968965530396,10.785442352294922,1.1920928955078125e-07,0.031595367938280106,10.910208702087402,0.0,0.07485239952802658,11.38943862915039,26.24728775024414,170.60011291503906,5.925893856328912e-05,3.932203531265259,0.6987069249153137,4.40014123916626,3.7602033615112305
299,0.08361244946718216,10.965970039367676,3.8743019104003906e-07,0.01887781359255314,11.659244537353516,0.0,0.05626269429922104,6.653525352478027,13.807238578796387,43.598140716552734,0.0009357399540022016,4.30733585357666,0.6283616423606873,4.698866844177246,3.642261266708374
300,0.11097938567399979,9.545578002929688,0.0,0.028870509937405586,9.982206344604492,0.0,0.07651418447494507,6.511559009552002,13.327125549316406,24.360158920288086,0.0,3.5653772354125977,0.7925987243652344,3.9818105697631836,3.44811749458313
301,0.09506974369287491,10.509374618530273,2.1457671550706436e-07,0.017994999885559082,11.362284660339355,0.0,0.06177293509244919,5.6097092628479,17.363821029663086,26.090354919433594,0.003215915523469448,3.834632635116577,0.5668168663978577,4.179888725280762,3.357400417327881
302,0.08298984169960022,10.272981643676758,1.1920928955078125e-07,0.033731721341609955,9.930109024047852,0.0,0.06226116791367531,13.77027416229248,18.94896125793457,205.2267303466797,0.0007266865577548742,2.5680055618286133,0.44524699449539185,3.696699619293213,3.5509285926818848
303,0.0884171798825264,9.225738525390625,0.0,0.024969086050987244,10.062573432922363,0.0,0.06150450557470322,6.058996677398682,12.210659980773926,41.22044372558594,0.0,3.1145241260528564,0.5366664528846741,3.3860814571380615,2.8527674674987793
304,0.11378476768732071,10.464956283569336,0.0,0.03993995115160942,10.164421081542969,0.0,0.08623387664556503,7.690760135650635,14.097084999084473,82.29483032226562,0.0,3.238569736480713,0.8674525022506714,4.037229061126709,3.2797558307647705
305,0.08808642625808716,10.755471229553223,0.0,0.028041111305356026,10.949870109558105,0.0,0.067757748067379,6.878029823303223,14.516118049621582,31.87561798095703,0.0,3.515361785888672,0.4078277051448822,4.243940830230713,3.626162052154541
306,0.08569002151489258,10.914846420288086,0.0,0.029622793197631836,12.110902786254883,0.0,0.06439244747161865,7.279762268066406,13.988226890563965,46.28203201293945,0.0,4.864211082458496,0.48771223425865173,4.8097310066223145,3.8570964336395264
307,0.1216803789138794,13.242894172668457,0.0,0.03299283981323242,10.815282821655273,0.0,0.07825721800327301,47.68842315673828,157.09945678710938,785.4942016601562,0.0,4.325376033782959,0.7853739857673645,4.751893043518066,9.815330505371094
308,0.1057598665356636,10.766860008239746,0.0,0.042489804327487946,11.069433212280273,0.0,0.07741507142782211,6.1290364265441895,13.640645980834961,39.41614532470703,0.0,3.7496917247772217,0.6929695010185242,4.230356693267822,3.2592263221740723
309,0.11264728754758835,11.53199291229248,0.0,0.02562868595123291,12.229769706726074,0.0,0.06907129287719727,7.85685396194458,32.73818588256836,89.22271728515625,0.0,3.8244152069091797,0.8258333206176758,4.495121002197266,3.920924186706543
310,0.087321437895298,10.73514461517334,0.0,0.01652573049068451,12.112604141235352,0.0,0.05256490036845207,5.948069095611572,14.267936706542969,24.98674964904785,0.0,4.369107246398926,0.7088955640792847,4.365716457366943,3.380112886428833
311,0.08742620795965195,10.648519515991211,0.0,0.02220965549349785,11.881791114807129,0.0,0.05846762657165527,6.7302422523498535,14.732376098632812,27.77506446838379,0.0,3.641174554824829,0.6840869784355164,4.359783172607422,3.7886481285095215
312,0.0938708484172821,11.340764045715332,0.0,0.026765214279294014,12.0927095413208,0.0,0.06529338657855988,9.958026885986328,16.105791091918945,117.55755615234375,0.0,3.310701608657837,0.7042849659919739,3.930795192718506,3.564030885696411
313,0.0866515189409256,11.827381134033203,0.0,0.0377664715051651,12.320467948913574,0.0,0.06781914085149765,7.795435905456543,14.036519050598145,88.32923126220703,0.0,3.3781228065490723,0.5943041443824768,4.129490375518799,3.316311836242676
314,0.08502453565597534,11.822813987731934,0.0,0.03418353945016861,12.937135696411133,0.0,0.06483465433120728,6.6114115715026855,16.11618423461914,26.06122398376465,0.0,4.70875358581543,0.5485987067222595,5.089252948760986,4.048651218414307
315,0.1043621078133583,11.595773696899414,4.2915343101412873e-07,0.020581137388944626,12.381031036376953,0.0,0.06502613425254822,5.990715503692627,15.437118530273438,24.02117919921875,0.0014461023965850472,4.578810214996338,0.5345020294189453,4.764829158782959,3.720801591873169
316,0.08620311319828033,10.099309921264648,0.0,0.02766796015202999,10.57929515838623,0.0,0.06037232652306557,6.851254463195801,18.662904739379883,37.24761962890625,0.0,2.9996540546417236,0.721836507320404,4.191437721252441,3.9226222038269043
317,0.07786067575216293,11.435395240783691,0.0,0.009037012234330177,12.137232780456543,0.0,0.04672667384147644,8.086234092712402,29.51112174987793,66.9632568359375,0.0,3.932622194290161,0.4321393072605133,4.766693592071533,4.277256011962891
318,0.09442339092493057,12.95996379852295,0.0,0.03772785887122154,13.32435417175293,0.0,0.06968747079372406,7.141707897186279,15.102311134338379,30.618690490722656,0.0,4.720679759979248,0.6776361465454102,5.093383312225342,3.564936399459839
319,0.09803733229637146,11.211191177368164,0.0,0.024828076362609863,12.152398109436035,0.0,0.06239498406648636,6.776721954345703,16.665164947509766,29.101261138916016,0.0,4.357760906219482,0.659457802772522,4.607132911682129,3.8334903717041016
320,0.14312367141246796,12.162325859069824,0.0,0.03310098126530647,13.33349609375,0.0,0.08978776633739471,6.415073394775391,15.560809135437012,50.17252731323242,0.0,5.457971572875977,0.9348862767219543,5.575896739959717,4.057453155517578
321,0.09316258877515793,12.897462844848633,0.0,0.028502460569143295,13.210636138916016,0.0,0.06481513381004333,6.927431106567383,21.455081939697266,42.76232147216797,0.0,4.866855621337891,0.6499609351158142,5.2146077156066895,3.8865864276885986
322,0.10722534358501434,14.30937385559082,0.0,0.034938909113407135,13.298423767089844,0.0,0.07361169904470444,21.358654022216797,34.623191833496094,346.2222900390625,0.0,5.166345596313477,0.9170463681221008,5.959991455078125,4.374941349029541
323,0.10357902199029922,11.515216827392578,0.0,0.037247832864522934,13.92870044708252,0.0,0.06980226188898087,7.49228048324585,19.834787368774414,30.109817504882812,0.0,5.38175630569458,0.7335684895515442,5.190853595733643,4.3010149002075195
324,0.10999824106693268,12.28188705444336,0.0,0.048556551337242126,12.597920417785645,0.0,0.0810549333691597,5.96424674987793,24.953571319580078,39.19342803955078,0.0,3.6578352451324463,0.6872920393943787,4.996205806732178,4.0016608238220215
325,0.08890799432992935,11.908580780029297,0.0,0.025564687326550484,12.068399429321289,0.0,0.05832181125879288,7.118409633636475,29.54704475402832,56.060821533203125,0.0,3.967398166656494,0.5097363591194153,4.957129001617432,4.2783098220825195
326,0.12675194442272186,13.484086990356445,0.0,0.02409733645617962,12.654111862182617,0.0,0.07201316952705383,25.136579513549805,144.67117309570312,376.14007568359375,0.0,4.624334335327148,1.1432247161865234,5.222136974334717,9.321776390075684
327,0.12153933197259903,11.889643669128418,0.0,0.06394883990287781,13.00960636138916,0.0,0.0967918112874031,6.487998008728027,19.150279998779297,29.66387367248535,0.0,5.34881591796875,0.8164103627204895,5.649344444274902,4.150635242462158
328,0.09175018966197968,10.727988243103027,0.0,0.021211210638284683,11.836750984191895,0.0,0.06320909410715103,7.419381141662598,26.941761016845703,53.56989669799805,0.0,3.8024396896362305,0.6336838603019714,4.3927321434021,4.126801013946533
329,0.08556211739778519,9.489087104797363,0.0,0.030364930629730225,9.97081184387207,0.0,0.062930628657341,5.876535892486572,20.617294311523438,35.607337951660156,0.0,2.504804849624634,0.6657850742340088,3.5376386642456055,3.4563512802124023
330,0.09108742326498032,10.023849487304688,0.0,0.022876273840665817,10.750038146972656,0.0,0.06455977261066437,5.02517557144165,14.969924926757812,22.020681381225586,0.0,2.967197895050049,0.6777064204216003,3.801922559738159,3.1821212768554688
331,0.09045146405696869,10.8160400390625,0.0,0.01875678077340126,11.18275260925293,0.0,0.05785283073782921,8.057689666748047,13.943124771118164,87.38750457763672,0.0,3.5240728855133057,0.6853107810020447,4.132218360900879,3.4676260948181152
332,0.08118294179439545,9.323808670043945,0.0,0.012480199337005615,10.042082786560059,0.0,0.05001888796687126,6.00244140625,12.824027061462402,23.62302589416504,0.0,2.1612977981567383,0.5524398684501648,3.127389430999756,3.13905668258667
333,0.10577163100242615,11.30391788482666,4.2915343101412873e-07,0.028896676376461983,11.82171630859375,0.0,0.07431785762310028,5.4027814865112305,17.404911041259766,39.73995590209961,0.0003925164637621492,4.635524272918701,0.5947327017784119,4.582215309143066,3.105717420578003
334,0.08735067397356033,12.790815353393555,0.0,0.041033320128917694,10.827437400817871,0.0,0.07132811844348907,37.71474838256836,168.91806030273438,619.3543090820312,0.0,3.1139214038848877,0.5252014994621277,4.2115678787231445,10.561470031738281
335,0.09075522422790527,11.532468795776367,0.0,0.032568078488111496,11.507691383361816,0.0,0.0663195550441742,6.159637451171875,12.799936294555664,51.80253601074219,0.0,3.5587756633758545,0.5613337755203247,4.182334899902344,3.2515995502471924
336,0.08686288446187973,9.581183433532715,0.0,0.04643578827381134,9.891913414001465,0.0,0.07268944382667542,5.6697258949279785,13.625738143920898,24.48219108581543,0.0,3.1510086059570312,0.6504361629486084,3.7935664653778076,3.1271111965179443
337,0.0999278649687767,11.296380996704102,0.0,0.03386029973626137,10.910055160522461,0.0,0.07232245802879333,15.17913818359375,31.28900909423828,208.6448516845703,0.0,4.369218349456787,0.6917736530303955,5.0181732177734375,4.46303129196167
338,0.09517969936132431,10.126835823059082,0.0,0.03234288468956947,10.604894638061523,0.0,0.07353036105632782,7.432861804962158,57.32804489135742,76.42903137207031,0.0,2.7719175815582275,0.5434000492095947,4.113950729370117,4.88994836807251
339,0.08930904418230057,12.343436241149902,0.0,0.04179420694708824,9.689756393432617,0.0,0.07306667417287827,32.25180435180664,199.85458374023438,519.6216430664062,0.0,2.986386299133301,0.5586338043212891,4.435706615447998,12.395574569702148
340,0.10297586768865585,10.681507110595703,0.0,0.03367369621992111,10.74557113647461,0.0,0.0716293603181839,6.185005187988281,15.038329124450684,46.134986877441406,0.0,3.8855695724487305,0.8414520621299744,4.315077304840088,3.266641855239868
341,0.10722961276769638,11.291974067687988,2.384185791015625e-07,0.05473294481635094,11.548891067504883,0.0,0.07939420640468597,8.449015617370605,49.51704788208008,106.06912994384766,0.0004904799861833453,4.648336410522461,0.7718313336372375,4.987010955810547,4.675562858581543
342,0.10835886001586914,12.212380409240723,0.0,0.04351753368973732,12.547002792358398,0.0,0.0824287086725235,6.44563102722168,28.341625213623047,47.12211608886719,0.0,4.710834503173828,0.8098733425140381,5.31889009475708,4.170482158660889
343,0.08396346122026443,10.861875534057617,0.0,0.02816249057650566,11.923029899597168,0.0,0.06312336027622223,5.683985233306885,16.872621536254883,26.79058265686035,0.0,4.391642093658447,0.4994658827781677,4.775206565856934,3.6937520503997803
344,0.1054413914680481,10.597772598266602,0.0,0.020666318014264107,11.56346321105957,0.0,0.07369524240493774,7.25238037109375,17.474918365478516,37.66556167602539,0.0,3.977172374725342,0.6811299920082092,4.944301128387451,4.277835369110107
345,0.10666705667972565,12.149410247802734,0.0,0.02641906961798668,13.212855339050293,0.0,0.07143308967351913,6.1612935066223145,19.868295669555664,27.690032958984375,0.0,5.303647518157959,0.6158003807067871,5.962821960449219,4.443614959716797
346,0.08509296923875809,11.674771308898926,0.0,0.02281550131738186,12.214543342590332,0.0,0.058025579899549484,9.164384841918945,59.96220779418945,108.60986328125,0.0,3.811218500137329,0.5383001565933228,5.468034267425537,5.619039535522461
347,0.11800500005483627,13.371358871459961,1.6093254089355469e-06,0.02712409757077694,13.842772483825684,0.0,0.07767777144908905,5.7280659675598145,14.124229431152344,27.5512638092041,0.04349149391055107,6.058145046234131,0.6130084991455078,5.819309711456299,3.593717098236084
348,0.1163080707192421,10.904590606689453,0.0,0.033521730452775955,11.667405128479004,0.0,0.08204763382673264,6.3238677978515625,15.666438102722168,22.41878890991211,0.0,4.638134479522705,0.698607325553894,5.064884185791016,4.098580360412598
349,0.11570948362350464,12.261347770690918,0.0,0.01899186708033085,13.2379150390625,0.0,0.06951326131820679,6.4136576652526855,24.071670532226562,48.14016342163086,0.0,5.670202255249023,0.6791160702705383,5.873408317565918,4.638398170471191
350,0.11604049056768417,13.390644073486328,0.0,0.028483057394623756,13.581225395202637,0.0,0.0729648694396019,8.938478469848633,18.813800811767578,127.50497436523438,0.0,5.143169403076172,0.774236261844635,5.317171573638916,3.4481871128082275
351,0.09525469690561295,13.143692016601562,0.0,0.021183758974075317,13.916502952575684,0.0,0.06264131516218185,11.992175102233887,48.859474182128906,179.11769104003906,0.0,6.23212194442749,0.5841101408004761,6.113551616668701,4.989150524139404
352,0.10388939827680588,11.67636489868164,0.0,0.0375751368701458,12.948022842407227,0.0,0.07281278073787689,7.704346656799316,16.442642211914062,51.43974304199219,0.0,5.510426044464111,0.6694962382316589,5.856584072113037,4.7574968338012695
353,0.0808306485414505,13.019975662231445,0.0,0.027242228388786316,14.166193008422852,0.0,0.0578262098133564,6.392037868499756,20.524511337280273,36.174808502197266,0.0,4.637895584106445,0.5621291399002075,5.375757217407227,4.0488972663879395
354,0.10640187561511993,12.756022453308105,0.0,0.05380771681666374,13.15088939666748,0.0,0.08414052426815033,6.861441135406494,31.74947166442871,49.0672492980957,0.0,5.29779052734375,0.7027673721313477,5.941258430480957,4.248070240020752
355,0.0751500278711319,13.568033218383789,0.0,0.031977877020835876,13.394187927246094,0.0,0.05884956195950508,31.433937072753906,190.123046875,522.83837890625,0.0,5.336446285247803,0.44024261832237244,5.842813014984131,11.777567863464355
356,0.10154463350772858,12.133797645568848,0.0,0.023796094581484795,13.041147232055664,0.0,0.0658513605594635,6.865489482879639,16.68416404724121,35.2422981262207,0.0,4.400661945343018,0.5746773481369019,4.876963138580322,3.751117706298828
357,0.12732143700122833,13.050507545471191,1.1920928955078125e-07,0.04110001027584076,13.757194519042969,0.0,0.092191681265831,5.703310489654541,16.627120971679688,29.697072982788086,0.016548901796340942,5.507450103759766,0.7017014622688293,5.835838317871094,3.904601573944092
358,0.10195564478635788,11.632067680358887,0.0,0.04187333583831787,12.598783493041992,0.0,0.07696939259767532,8.77060317993164,43.52811813354492,113.17240905761719,0.0,4.933563232421875,0.5715663433074951,5.085479259490967,4.32003116607666
359,0.10124348104000092,11.133831024169922,0.0,0.049001675099134445,11.761252403259277,0.0,0.0789000391960144,6.027340888977051,20.067020416259766,37.59260559082031,0.0,3.7850964069366455,0.8719266653060913,4.763186454772949,3.648452043533325
360,0.1174902617931366,10.177406311035156,0.0,0.024810194969177246,11.62218952178955,0.0,0.07546994835138321,6.466403484344482,14.312540054321289,23.74417495727539,0.0,4.5134148597717285,0.7772675156593323,4.7474284172058105,3.9376680850982666
361,0.1143118143081665,11.06245231628418,0.0,0.04772520810365677,12.669915199279785,0.0,0.08073118329048157,7.020051956176758,14.857157707214355,55.68171310424805,0.0,5.74481725692749,0.6829088926315308,5.11368465423584,3.6679093837738037
362,0.1084183007478714,12.845295906066895,0.0,0.04614812135696411,10.730746269226074,0.0,0.0819072499871254,41.479984283447266,349.7102355957031,649.4517822265625,0.0,3.596736431121826,0.7907357215881348,5.693237781524658,22.05755043029785
363,0.10843366384506226,10.631746292114258,0.0,0.045617759227752686,12.114041328430176,0.0,0.08219758421182632,5.938682556152344,14.229717254638672,22.769920349121094,0.0,5.208629131317139,0.5568717122077942,5.231756687164307,3.860487699508667
364,0.13091665506362915,10.477584838867188,0.0,0.041546598076820374,11.811247825622559,0.0,0.09362026304006577,5.799225330352783,15.823418617248535,23.696983337402344,0.0,4.63938570022583,0.9274764657020569,4.929791450500488,3.8186099529266357
365,0.12307998538017273,11.317037582397461,1.3093153938825708e-05,0.06998831033706665,11.986062049865723,0.0,0.10837088525295258,5.185204982757568,14.915106773376465,26.3278751373291,0.0010128617286682129,4.929248809814453,0.7200803160667419,5.098066329956055,3.3770530223846436
366,0.12021166831254959,10.553651809692383,0.0,0.06633001565933228,10.919778823852539,0.0,0.10074836015701294,5.884574890136719,15.32077407836914,53.446048736572266,0.0,4.751972675323486,0.7360841035842896,4.953064441680908,3.592931032180786
367,0.11151842772960663,10.241521835327148,0.00015668074775021523,0.0749477818608284,10.249922752380371,0.0,0.10295453667640686,7.443985939025879,28.18911361694336,93.96074676513672,0.01682734489440918,4.01434326171875,0.8122125267982483,4.623913288116455,3.796602964401245
368,0.11102638393640518,11.12724781036377,0.0,0.10578436404466629,11.42698860168457,0.0,0.12253072112798691,12.098613739013672,128.7036590576172,187.99745178222656,0.0,5.430864334106445,0.581588089466095,5.730152606964111,8.451354026794434
369,0.121126189827919,11.583157539367676,0.0,0.089945949614048,11.70750617980957,0.0,0.11706427484750748,11.40507698059082,83.7266616821289,176.87294006347656,0.0,5.465162754058838,0.7789871692657471,6.0103864669799805,6.37545919418335
370,0.10541868954896927,9.236312866210938,0.0,0.07340952754020691,9.379319190979004,0.0,0.09915536642074585,4.9538655281066895,14.960936546325684,20.416290283203125,0.0,3.100205659866333,0.7183039784431458,4.039565563201904,3.37489914894104
371,0.1198185607790947,10.405402183532715,0.0,0.07838618755340576,11.750224113464355,0.0,0.10477545857429504,6.16849422454834,22.523160934448242,35.65296936035156,0.0,4.668664932250977,0.9225899577140808,5.089408874511719,4.062067031860352
372,0.13302817940711975,11.074503898620605,0.0,0.07576975971460342,10.981379508972168,0.0,0.10838069766759872,15.635236740112305,87.57843017578125,248.0982666015625,0.0,4.20911979675293,1.2846357822418213,5.444955348968506,6.567368507385254
373,0.11417755484580994,11.111821174621582,0.0,0.06301223486661911,11.854426383972168,0.0,0.09032232314348221,5.715495586395264,16.87137794494629,22.746963500976562,0.0,4.87230110168457,0.7614566683769226,5.309484004974365,3.9257779121398926
374,0.09414689242839813,11.045452117919922,0.0,0.041744958609342575,11.890645980834961,0.0,0.07383318990468979,6.4849772453308105,18.899673461914062,50.39663314819336,0.0,4.577749729156494,0.6329137086868286,5.080659866333008,4.057913780212402
375,0.09884604811668396,11.77661418914795,0.0,0.04560360684990883,10.871739387512207,0.0,0.07991053909063339,22.84777069091797,34.334049224853516,377.2404479980469,0.0,3.6564595699310303,0.6823949813842773,4.682180881500244,4.269102096557617
376,0.1376768797636032,10.59197998046875,0.0,0.08986731618642807,11.113176345825195,0.0,0.12277118861675262,5.601346969604492,15.574331283569336,29.876567840576172,0.0,4.755388259887695,0.7582335472106934,5.24256706237793,3.9462103843688965
377,0.1200767531991005,16.09048843383789,1.0331471457902808e-05,0.053733017295598984,12.530070304870605,0.0,0.10117460042238235,37.205570220947266,89.2292251586914,446.1263732910156,0.08200136572122574,5.453219890594482,0.8537285923957825,6.70290994644165,7.09450626373291
378,0.10267432034015656,10.731451988220215,6.119410045357654e-06,0.0598209910094738,11.282690048217773,0.0,0.08957163989543915,5.761948585510254,16.872610092163086,29.83647918701172,0.0028632746543735266,4.71824836730957,0.7182441353797913,5.343466281890869,4.11378812789917
379,0.141052708029747,9.279816627502441,0.0,0.04430866241455078,9.329930305480957,0.0,0.09228428453207016,8.565522193908691,23.253902435302734,103.5750503540039,0.0,2.919220447540283,1.304006576538086,4.411493301391602,4.31461238861084
380,0.12939338386058807,10.115325927734375,0.0,0.07424413412809372,10.412874221801758,0.0,0.11080212891101837,6.485678672790527,24.182397842407227,51.04011917114258,0.0,4.14015007019043,0.8744240403175354,5.139627456665039,4.585519790649414
381,0.12889523804187775,9.093038558959961,0.0,0.031045934185385704,9.720816612243652,0.0,0.09339483827352524,5.919219017028809,17.212684631347656,22.94970703125,0.0,3.4505600929260254,0.7216501235961914,4.6849446296691895,4.373842239379883
382,0.13367091119289398,8.75915241241455,0.0,0.05100201815366745,8.81815242767334,0.0,0.10035210102796555,5.320343494415283,12.801405906677246,24.465253829956055,0.0,2.5843286514282227,0.7975211143493652,3.8908426761627197,3.522871255874634
383,0.11656861752271652,10.894972801208496,2.4318694613612024e-06,0.055375561118125916,10.312317848205566,0.0,0.0959007516503334,5.676909923553467,15.360017776489258,27.900697708129883,0.00027273097657598555,3.6843554973602295,0.6617580056190491,4.961978912353516,4.055873870849609
384,0.1310981661081314,11.229877471923828,0.0,0.04078543186187744,11.962554931640625,0.0,0.09145987778902054,8.251935005187988,15.936676025390625,89.95679473876953,0.0,4.077508926391602,0.8989152908325195,5.016669750213623,4.399696350097656
385,0.09848976880311966,12.93801498413086,9.328126907348633e-06,0.046663954854011536,10.559956550598145,0.0,0.08324858546257019,28.2282657623291,225.8446807861328,434.1294250488281,0.0002138217241736129,3.4328248500823975,0.6419809460639954,5.631378173828125,15.489811897277832
386,0.11086256802082062,9.55592155456543,0.0,0.03301527723670006,9.109187126159668,0.0,0.07254504412412643,9.322150230407715,48.607479095458984,121.44573211669922,0.0,2.6573925018310547,0.8131418824195862,4.200826168060303,4.913701057434082
387,0.11821123957633972,10.764378547668457,3.8385392144846264e-06,0.05587282031774521,11.229175567626953,0.0,0.08683182299137115,5.89297342300415,16.9896297454834,34.9605827331543,0.00028930106782354414,4.160188674926758,0.7633901238441467,4.544704914093018,3.723958969116211
388,0.12661437690258026,10.895472526550293,0.0,0.051833007484674454,11.921249389648438,0.0,0.09164147824048996,5.6792497634887695,15.121442794799805,22.081111907958984,0.0,5.4945454597473145,1.1978386640548706,5.20142126083374,3.7099239826202393
389,0.12231147289276123,10.824305534362793,0.0,0.06363491714000702,10.631114959716797,0.0,0.10300751775503159,6.158345699310303,19.2728328704834,41.670841217041016,0.0,3.3547139167785645,0.7487218976020813,4.404660224914551,4.075641632080078
390,0.11159729957580566,11.00941276550293,0.0,0.05298452451825142,11.668434143066406,0.0,0.08876663446426392,6.287700176239014,16.936195373535156,38.106407165527344,0.0,3.79164719581604,0.7184474468231201,4.593796730041504,3.869222402572632
391,0.12735983729362488,10.549342155456543,0.0,0.04944128915667534,10.919426918029785,0.0,0.09638283401727676,7.4100799560546875,32.43048858642578,49.36838912963867,0.0,3.8651890754699707,1.0115346908569336,4.720134258270264,4.28660249710083
392,0.10700862109661102,9.76760196685791,0.0,0.04004719853401184,10.72791576385498,0.0,0.07588580995798111,5.605175495147705,17.166948318481445,23.705827713012695,0.0,3.8591718673706055,0.9474319219589233,4.4829301834106445,3.8378078937530518
393,0.11648833751678467,11.153060913085938,0.0,0.05252613499760628,10.643693923950195,0.0,0.09347902238368988,5.570033550262451,19.679317474365234,28.112924575805664,0.0,3.867739200592041,0.6472241282463074,5.280277252197266,4.540966033935547
394,0.11377943307161331,11.159339904785156,7.390975724774762e-07,0.07325662672519684,10.387014389038086,0.0,0.1054689809679985,4.918575286865234,15.620537757873535,29.139793395996094,0.03243875503540039,3.832066535949707,0.62569659948349,5.083591461181641,3.9143762588500977
395,0.11631453037261963,10.452666282653809,0.0,0.054835159331560135,10.690643310546875,0.0,0.08931072056293488,5.291369438171387,14.106958389282227,22.632179260253906,0.0,4.228396415710449,0.7986111640930176,4.796058654785156,3.67069149017334
396,0.11054647713899612,11.686458587646484,0.0,0.04532836005091667,10.837867736816406,0.0,0.09132391959428787,7.159578800201416,16.958675384521484,73.34807586669922,0.0,4.364765644073486,0.6381384134292603,5.264575958251953,4.223493576049805
397,0.10452689230442047,10.925202369689941,0.0,0.056908298283815384,11.425825119018555,0.0,0.088431715965271,6.854891777038574,16.19226837158203,35.963985443115234,0.0,4.001250267028809,0.740570604801178,5.075854301452637,4.459770679473877
398,0.12084130197763443,11.995774269104004,4.688898570748279e-06,0.04738615080714226,11.484624862670898,0.0,0.09288029372692108,6.341723918914795,21.310894012451172,38.701255798339844,0.0018443266162648797,4.788575172424316,0.7905586361885071,5.6398162841796875,4.464856147766113
399,0.12335259467363358,11.958903312683105,4.410743713378906e-06,0.046790700405836105,12.969223976135254,0.0,0.09151554107666016,5.503368854522705,17.55344009399414,24.5742130279541,0.001300762058235705,3.797600746154785,0.7024879455566406,5.029574394226074,4.059392929077148
