_step,loss/max,loss/min,loss/mean,loss/median,loss/std
0,0.00022729426564183086,-0.00020295610011089593,7.381901923508849e-06,4.3142345020896755e-06,6.313878111541271e-05
1,0.00046989062684588134,-0.0003693999897222966,3.485308843664825e-05,1.0188065061811358e-05,0.00013897976896259934
2,0.0007502794032916427,-0.0002618536236695945,1.8298422219231725e-05,5.527456323761726e-06,0.0001041970681399107
3,0.0006850814097560942,-0.0006200564675964415,2.2026233637006953e-05,7.308858130272711e-06,0.00015392347995657474
4,0.00036527510383166373,-0.00030816972139291465,1.8710685253608972e-05,5.378335117711686e-06,0.00010307638149242848
5,0.0010634659556671977,-0.0013940478675067425,2.9566326702479273e-05,1.1524189176270738e-05,0.00024924130411818624
6,0.001189877395518124,-0.0004891069256700575,2.6160754714510404e-05,7.953584827191662e-06,0.0001929036370711401
7,0.000491246348246932,-0.00043538035242818296,2.2628351871389896e-05,7.03456180417561e-06,0.00013492675498127937
8,0.0002647334767971188,-0.00022477364109363407,9.765534741745796e-06,6.998641765676439e-06,7.62634226703085e-05
9,0.0005400973604992032,-0.001554297050461173,1.3834737728757318e-05,1.0079643288918305e-05,0.00019684342260006815
10,0.0002556077088229358,-0.0002739833726081997,1.587635233590845e-05,1.0761921657831408e-05,8.752346184337512e-05
11,0.0007004536455497146,-0.00048646144568920135,4.1043866076506674e-05,1.2995833458262496e-05,0.0001609258324606344
12,0.0005266922526061535,-0.0003770746407099068,2.9430533686536364e-05,5.7058823585975915e-06,0.00016475870506837964
13,0.00035755816497839987,-0.0003098221786785871,2.0437426428543404e-05,9.956447684089653e-06,0.00011155694664921612
14,0.0006232119048945606,-0.0010126058477908373,3.0069149943301454e-05,7.282921615114901e-06,0.0002315625170012936
15,0.0006309286691248417,-0.0007869888795539737,4.15357353631407e-05,7.867176464060321e-06,0.00020430766744539142
16,0.0004805373027920723,-0.0002695160801522434,1.6638923625578173e-05,3.998603006039048e-06,0.00011729744437616318
17,0.0012150168186053634,-0.0004541814560070634,4.3342759454390034e-05,8.675851859152317e-06,0.00023709749802947044
18,0.001183574553579092,-0.0012263141106814146,5.979597335681319e-05,3.358917456353083e-05,0.00040773654473014176
19,0.000580207328312099,-0.00027678333572112024,4.5008582674199715e-05,9.40822337724967e-06,0.00014575223030988127
20,0.0005046002333983779,-0.0005613638204522431,3.846818799502216e-05,8.785253157839179e-06,0.00019211298786103725
21,0.0004944957327097654,-0.00042475914233364165,3.691335950861685e-05,2.1251258658594452e-05,0.00019031675765290856
22,0.0007928707636892796,-0.000632244162261486,3.854185706586577e-05,1.2433771189535037e-05,0.00022605150297749788
23,0.0005464464193210006,-0.0004068876150995493,3.4963861253345385e-05,1.726137998048216e-05,0.00017503317212685943
24,0.0005812526796944439,-0.00044735081610269845,4.220187111059204e-05,1.7919206811711774e-06,0.0002126561594195664
25,0.0008726114756427705,-0.001364844269119203,3.0367962608579546e-05,2.6591122150421143e-05,0.0003858961572404951
26,0.0006294103222899139,-0.001335044507868588,4.5482898713089526e-05,3.355010994710028e-05,0.0003063482290599495
27,0.0013946550898253918,-0.001203858177177608,5.850087836734019e-05,2.3731270630378276e-05,0.00031229734304361045
28,0.0009684137185104191,-0.0006191284628584981,7.29190360289067e-05,5.0923419621540233e-05,0.0003529683453962207
29,0.0011371508007869124,-0.0006383724976330996,3.7174351746216416e-05,0.0,0.00031448816298507154
30,0.0006320254178717732,-0.0006681617232970893,2.973534537886735e-05,2.4518238205928355e-05,0.00018778095545712858
31,0.0010229934705421329,-0.0007709104684181511,5.034351488575339e-05,1.0107863090524916e-05,0.0003094554122071713
32,0.0010796160204336047,-0.0014669096563011408,6.791269697714597e-05,4.495111352298409e-05,0.0004006646340712905
33,0.0011990631464868784,-0.0012876929249614477,7.52836131141521e-05,1.2081339264113922e-05,0.00041124806739389896
34,0.0011003670515492558,-0.0005806605913676322,5.616261842078529e-05,1.196335597342113e-05,0.00031118770129978657
35,0.00140655180439353,-0.0011023973347619176,6.324750575004146e-05,3.575152004486881e-05,0.0003989162214566022
36,0.0010505897225812078,-0.0007421359186992049,4.5176828280091286e-05,1.5120175476113218e-06,0.00035730053787119687
37,0.0018151336116716266,-0.0006140121258795261,5.7729143009055406e-05,0.0,0.0004516132757999003
38,0.002954313065856695,-0.0007790492381900549,7.486341201001778e-05,-2.785327751553268e-06,0.000555351551156491
39,0.0011954439105466008,-0.0009638944175094366,6.65023471810855e-05,5.83383152843453e-05,0.0004512487503234297
40,0.0012582583585754037,-0.0004556995118036866,3.5989924072055146e-05,-1.9264993170509115e-05,0.00027332722675055265
41,0.0015440313145518303,-0.000954343588091433,0.00010709637717809528,2.6824645829037763e-05,0.0006328774034045637
42,0.0011602077865973115,-0.0011872687609866261,8.743643411435187e-05,4.203829121252056e-06,0.0004697222320828587
43,0.001939436886459589,-0.001276311813853681,9.722745016915724e-05,5.4498141253134236e-05,0.0004914902965538204
44,0.001431307871825993,-0.0015147100202739239,5.4037922382121906e-05,5.9682086430257186e-05,0.0005348114646039903
45,0.002476020948961377,-0.0015969707164913416,0.00011209235526621342,8.653059921925887e-05,0.0006994794821366668
46,0.0014952386263757944,-0.0013408749364316463,9.553695417707786e-05,5.4815445764688775e-05,0.0005859136581420898
47,0.0016495551681146026,-0.0009367550374008715,8.85970875970088e-05,0.0,0.0005624337354674935
48,0.0016665260773152113,-0.0012637634063139558,0.00011963638826273382,8.600451110396534e-05,0.0006182524957694113
49,0.001646926742978394,-0.001844941172748804,8.778346091276035e-05,5.3874005971010774e-05,0.0006902430322952569
50,0.0023011798039078712,-0.0018970280652865767,0.0001290244545089081,7.779976294841617e-05,0.0007772197714075446
51,0.003524583764374256,-0.0012576064327731729,0.00015633832663297653,1.2722285646304954e-05,0.0009109294041991234
52,0.0023811766877770424,-0.0011869344161823392,9.701547969598323e-05,2.531516474846285e-05,0.0007227733731269836
53,0.0023270822130143642,-0.0014349179109558463,0.00015135898138396442,9.740348468767479e-05,0.0007702131988480687
54,0.0022430496755987406,-0.0019213673658668995,0.00011261436156928539,2.56288331001997e-05,0.0007645497098565102
55,0.0029474508482962847,-0.002044845838099718,0.00018842432473320514,0.00029775177245028317,0.0010043933289125562
56,0.0034535019658505917,-0.002142118290066719,0.00018957706924993545,2.067550849460531e-05,0.0010421393672004342
57,0.0027582207694649696,-0.0026702256873250008,0.0001891716819955036,8.341709326487035e-05,0.0009606567327864468
58,0.002801758935675025,-0.0023399032652378082,0.00023333860735874623,-2.7605496143223718e-05,0.001064385287463665
59,0.004508135374635458,-0.0022427591029554605,0.0003127044183202088,0.00014646780618932098,0.0011824837420135736
60,0.00305054965429008,-0.002542506903409958,0.00029233828536234796,0.0001981414679903537,0.0011588390916585922
61,0.0036240280605852604,-0.003320666728541255,0.00032323412597179413,0.00012720335507765412,0.0014223360922187567
62,0.002475955756381154,-0.00287652388215065,0.000347179506206885,0.0004850816912949085,0.0013442260678857565
63,0.0023217336274683475,-0.0031362613663077354,0.00020359661721158773,0.00014316711167339236,0.0011500281980261207
64,0.004993533715605736,-0.003115755273029208,0.0002821717062033713,0.00013111549196764827,0.0014339365297928452
65,0.003379973117262125,-0.0031128388363868,0.00022983593225944787,3.9704962546238676e-05,0.0012587314704433084
66,0.004421109799295664,-0.0023227352648973465,0.000409463798860088,0.00037616424378938973,0.0014560898998752236
67,0.0026417376939207315,-0.002519074361771345,0.00029846897814422846,0.000546738097909838,0.0011597441043704748
68,0.005148999392986298,-0.0032431348226964474,0.00034764461452141404,0.0003426766488701105,0.001756085897795856
69,0.0036293608136475086,-0.003082338720560074,0.0002512022037990391,0.00014943703718017787,0.0014081408735364676
70,0.0068952725268900394,-0.0023481901735067368,0.00048260833136737347,0.00034871502430178225,0.002171027008444071
71,0.003551166271790862,-0.0033315285108983517,0.00031724426662549376,0.0004975860938429832,0.001570644322782755
72,0.0055664959363639355,-0.003302139462903142,0.00028079847106710076,0.00011348568659741431,0.001609102706424892
73,0.0034913434647023678,-0.002953549148514867,0.0002138387644663453,-3.0188281016307883e-05,0.0014109618496149778
74,0.005668729078024626,-0.003291107714176178,0.0002685893268790096,4.1313811379950494e-05,0.0014966616872698069
75,0.002769679529592395,-0.0026736867148429155,0.00023953014169819653,-1.727499875414651e-05,0.0012194763403385878
76,0.002858672756701708,-0.003212481737136841,0.00023061793763190508,0.00035994924837723374,0.001504461164586246
77,0.0019421856850385666,-0.004075641743838787,0.00016654487990308553,0.0003957070002797991,0.0012384604196995497
78,0.0019097405020147562,-0.0034144206438213587,-9.995097207138315e-05,-0.00012117873120587319,0.001319820061326027
79,0.002793522085994482,-0.010923226363956928,-0.0005152879166416824,0.00026876339688897133,0.003170429728925228
80,0.015089619904756546,-0.002595595782622695,0.0004884224035777152,0.0,0.0031091696582734585
81,0.002299901330843568,-0.0033582886680960655,0.00016072022845037282,0.00020087137818336487,0.0012557152658700943
82,0.002057899720966816,-0.0024464414454996586,0.0001649822952458635,7.16349168214947e-05,0.0008421862148679793
83,0.002840446773916483,-0.002945906948298216,0.0001890475832624361,0.00041980730020441115,0.001587036531418562
84,0.002796543063595891,-0.0017949522007256746,5.2688512369059026e-05,-1.4185482541506644e-05,0.001150308409705758
85,0.001725893234834075,-0.0017661117017269135,4.310587246436626e-05,0.0,0.000840727414470166
86,0.0020442837849259377,-0.0013646885054185987,8.41976361698471e-05,0.0,0.0008603908936493099
87,0.0012044197646901011,-0.0017022760584950447,6.946116627659649e-05,0.00022461348271463066,0.0007564829429611564
88,0.002349262125790119,-0.0027628536336123943,8.65948895807378e-05,5.194824552745558e-05,0.0010466516250744462
89,0.0016153595643118024,-0.0022672521881759167,-5.5832453654147685e-05,0.0,0.0008920443942770362
90,0.0019530769204720855,-0.0016551765147596598,2.51904311880935e-05,0.0,0.0008877580985426903
91,0.0021853919606655836,-0.00562629196792841,-0.00014554902736563236,9.193247387884185e-05,0.0015826420858502388
92,0.0016345486510545015,-0.004877375438809395,-0.00012603160575963557,0.0,0.0011752655263990164
93,0.001700350665487349,-0.0023723552003502846,3.59080985390392e-07,8.34388192743063e-05,0.000848804775159806
94,0.0014700301690027118,-0.0034771603532135487,-0.00018982526671607047,0.0,0.0010297528933733702
95,0.0030946703627705574,-0.004093653988093138,-2.890861105697695e-05,-4.8785579565446824e-05,0.001267486484721303
96,0.0013634462375193834,-0.004011454060673714,-0.00011705511133186519,0.0,0.0010367375798523426
97,0.0010112430900335312,-0.002263191621750593,-5.629031511489302e-05,5.499408075593237e-07,0.0007416372536681592
98,0.0014083285350352526,-0.002598672639578581,-9.183694783132523e-05,2.8763246518792585e-05,0.001084896270185709
99,0.0020875718910247087,-0.0018913219682872295,-3.00151550618466e-05,-0.00015602837083861232,0.0008662791224196553
100,0.02024880424141884,-0.0025580679066479206,0.000675090414006263,-6.157340067147743e-06,0.003925874829292297
101,0.0011437514331191778,-0.0012451133225113153,-9.867990593193099e-05,-0.00018659845227375627,0.0005660680471919477
102,0.0018037417903542519,-0.00136274634860456,-6.614292215090245e-05,-6.263422983465716e-05,0.0006812486099079251
103,0.0014498480595648289,-0.00172230857424438,-2.6785639420268126e-05,0.0,0.0006360774277709424
104,0.00108032813295722,-0.0017051523318514228,-8.773917215876281e-05,0.0,0.0006199322524480522
105,0.0016940295463427901,-0.0021476722322404385,-8.853233157424256e-05,0.0,0.0008147687185555696
106,0.001364486524835229,-0.002180592156946659,-0.00011070091568399221,-6.620489875786006e-05,0.0007229529437609017
107,0.0007560682133771479,-0.0018946562195196748,-0.00010747771011665463,-9.703177056508139e-06,0.0006478212308138609
108,0.0012109405361115932,-0.0018667886033654213,-0.00010983768152073026,-9.684616816230118e-05,0.0007545537664555013
109,0.001717848121188581,-0.0009860380087047815,-3.5065146221313626e-05,0.0,0.0005476824007928371
110,0.0017854997422546148,-0.004405470564961433,-7.654547516722232e-05,0.00015093342517502606,0.001298976014368236
111,0.0010705703170970082,-0.003208871465176344,-9.122751362156123e-05,0.0,0.0008265150827355683
112,0.0012861756840720773,-0.0019197153160348535,-3.4036493161693215e-05,0.0,0.0007094030734151602
113,0.00115179643034935,-0.001606467878445983,-5.253023118712008e-05,7.614916103193536e-05,0.0007127908756956458
114,0.0030410289764404297,-0.006870627403259277,-0.00012564216740429401,0.0,0.00157623877748847
115,0.001530195469968021,-0.002294731792062521,-2.3197299015009776e-05,-3.3003925636876374e-05,0.0007389251259155571
116,0.0013645978178828955,-0.00290957884863019,-0.00015165028162300587,-1.1787396942963824e-05,0.0009569596732035279
117,0.0023476292844861746,-0.004200087860226631,-0.0001310831430600956,0.0,0.0011069445172324777
118,0.0015645318198949099,-0.001669701305218041,-2.2747646653442644e-05,0.00014887202996760607,0.0008628647192381322
119,0.00136910704895854,-0.002107578096911311,-0.00022015272406861186,-9.361614502267912e-05,0.0008000884554348886
120,0.0014313224237412214,-0.0015428535407409072,-0.00019497160974424332,-0.0002853810728993267,0.0007592298788949847
121,0.0009210448479279876,-0.002079572295770049,-9.164149378193542e-05,-4.495838220464066e-05,0.0006296835490502417
122,0.0011099374387413263,-0.0011955423979088664,-7.324383477680385e-05,-8.50282158353366e-05,0.0005683843046426773
123,0.0013051375281065702,-0.001440996304154396,-0.00012233154848217964,-7.35948487999849e-05,0.0006322290282696486
124,0.0006224593962542713,-0.002037002006545663,-4.26564110966865e-05,0.0,0.0005499020917341113
125,0.001528850756585598,-0.003225453430786729,-7.6532072853297e-05,0.0,0.0008732739370316267
126,0.0017119525000452995,-0.00273880991153419,-7.828883826732635e-05,-0.00017291530093643814,0.0008426057174801826
127,0.0012259961804375052,-0.0011248342925682664,-7.315276889130473e-05,-3.8926511479076e-05,0.0005916293011978269
128,0.0011018579825758934,-0.0021085538901388645,-8.268100646091625e-05,-3.5044446121901274e-05,0.000671758723910898
129,0.0023212323430925608,-0.002052428899332881,-1.9530225472408347e-05,6.619571649935097e-05,0.0007614342030137777
130,0.0008309082477353513,-0.0023383733350783587,-0.0001436166639905423,-0.00015562512271571904,0.00065569271100685
131,0.001499479403719306,-0.002760798204690218,-8.081044506980106e-05,0.0,0.0008194454712793231
132,0.0012425759341567755,-0.0030101859010756016,-0.00012002472067251801,-0.0002361745573580265,0.000920982682146132
133,0.0018856364767998457,-0.003211966250091791,-0.00022935803281143308,-0.00010645864676916972,0.0010169032029807568
134,0.002062553307041526,-0.0014958917163312435,-0.00015617517055943608,-0.0003111656988039613,0.0009108256199397147
135,0.0012753137852996588,-0.0016050683334469795,-4.777557842317037e-05,0.0,0.0007088345009833574
136,0.0014912523329257965,-0.0018870806088671088,-6.28393972874619e-05,-3.7101963243912905e-05,0.0007423286442644894
137,0.0012218132615089417,-0.0031209061853587627,-0.0001453262520954013,0.0,0.0009807065362110734
138,0.0014172535156831145,-0.0017636496340855956,-0.00012456525291781873,-0.00010984182154061273,0.0006108500529080629
139,0.0011705466313287616,-0.002891565440222621,-0.00014934883802197874,-5.675042120856233e-05,0.0008839286747388542
140,0.0013771113008260727,-0.004106450360268354,-0.00017930335889104754,5.579295611823909e-05,0.0011727059027180076
141,0.0011300976620987058,-0.004725146573036909,-0.00014628135249949992,4.447231549420394e-05,0.00105384923517704
142,0.0007171136676333845,-0.0029892385937273502,-0.00017420013318769634,7.0803594098833855e-06,0.0008023966802284122
143,0.0013715606182813644,-0.004352207761257887,-0.00018508690118324012,-3.417543848627247e-05,0.0011478869710117579
144,0.00176168920006603,-0.0035470915026962757,-0.00010688824841054156,-5.639266873913584e-06,0.0009987882804125547
145,0.0010223120916634798,-0.0022773342207074165,-5.479055835166946e-05,0.0,0.0007674006628803909
146,0.001718724612146616,-0.002720051910728216,-0.0002564484893810004,-8.640593296149746e-05,0.0009548550006002188
147,0.0010121511295437813,-0.0015114687848836184,-0.00010085193207487464,-0.00010478357580723241,0.0006923501496203244
148,0.0024743545800447464,-0.00125299789942801,-0.00018768016889225692,-0.00022691661433782429,0.0007783567416481674
149,0.0012543410994112492,-0.004661820828914642,-0.00012113100819988176,6.256906544876983e-06,0.0011622359743341804
150,0.002029377268627286,-0.0015300463419407606,-0.00011217748397029936,-8.916600927477702e-05,0.000792862381786108
151,0.0011906936997547746,-0.0026130331680178642,-0.0001811571855796501,-1.674457780609373e-05,0.0007334915571846068
152,0.0008495115325786173,-0.001484010717831552,-3.908168582711369e-05,-5.3055064199725166e-05,0.000623981119133532
153,0.000754586944822222,-0.0017223075265064836,-0.00014786911197006702,-0.00013319140998646617,0.0005695316358469427
154,0.0034663050901144743,-0.0028793448582291603,-0.00010581014066701755,-0.00017163529992103577,0.0013110492145642638
155,0.0009768962627276778,-0.001769408816471696,-0.0001488790294388309,-0.00011368060950189829,0.0007259597186930478
156,0.0013980986550450325,-0.003257774282246828,-9.36749711399898e-05,0.0,0.0008517024689354002
157,0.001387101598083973,-0.02266758680343628,-0.0009636428439989686,1.825411345635075e-05,0.0044996473006904125
158,0.0011989108752459288,-0.006830981001257896,-0.00022898844326846302,0.0,0.0014475072966888547
159,0.0009036963456310332,-0.0032703583128750324,-0.00011775963503168896,-2.6978714231518097e-05,0.0007879508775658906
160,0.0014392082812264562,-0.002238508081063628,-7.683833973715082e-05,-0.00015136833826545626,0.0007709444034844637
161,0.0006029675132595003,-0.001956639112904668,-0.00012261117808520794,0.0,0.0005565223400481045
162,0.0011942816199734807,-0.004776682239025831,-0.0003607615944929421,-7.697204273426905e-05,0.0013146254932507873
163,0.001385397044941783,-0.0014866506680846214,-0.00012435864482540637,-4.475206515053287e-05,0.0007407772936858237
164,0.001694156089797616,-0.00516242440789938,-0.0001072137602022849,0.0,0.0012622253270819783
165,0.0016783277969807386,-0.0013199426466599107,-7.830179674783722e-05,-8.031776815187186e-06,0.0006234839092940092
166,0.002240655943751335,-0.00215170974843204,-0.00011411399464122951,-0.00018837048264686018,0.0010534574976190925
167,0.0011297891614958644,-0.002735474379733205,-0.00017153775843326002,-8.261369657702744e-05,0.0007658095564693213
168,0.0013664074940606952,-0.001918741618283093,-7.444514631060883e-05,4.272307705832645e-05,0.000920252176001668
169,0.0027555229607969522,-0.0037756164092570543,-0.00017004810797516257,-2.6882025849772617e-06,0.0012465844629332423
170,0.001801400212571025,-0.0026052561588585377,-0.00014273656415753067,-2.3477836293750443e-05,0.0008759377524256706
171,0.0011560532730072737,-0.0019437443697825074,-0.0001582150289323181,-9.839159611146897e-05,0.0005914060748182237
172,0.0012458456913009286,-0.001006407430395484,-8.780614734860137e-05,-0.00011991618521278724,0.0005441284738481045
173,0.001554151182062924,-0.0038702823221683502,-0.00027097685961052775,-4.32340893894434e-05,0.001109546865336597
174,0.001320275361649692,-0.003099046880379319,-0.0002057746023638174,-0.00011927825107704848,0.0010092213051393628
175,0.0013336102711036801,-0.0032712346874177456,-0.0001309717627009377,0.0,0.0010021681664511561
176,0.0009844345040619373,-0.0008198032737709582,-5.888281884836033e-05,-9.777204832062125e-05,0.0004840832552872598
177,0.0009326473227702081,-0.005182165652513504,-0.00026105926372110844,0.0,0.001212272560223937
178,0.0009969365783035755,-0.003143975278362632,-0.00016206267173402011,0.0,0.0008050086325965822
179,0.0017082646954804659,-0.0012230430729687214,-4.1076727939071134e-05,0.0,0.0006028756033629179
180,0.0009302262915298343,-0.0015119685558602214,-0.0001546012208564207,-0.00018042110605165362,0.0005786178517155349
181,0.0018400764092803001,-0.0015436335233971477,-4.2555417167022824e-05,-5.3045332606416196e-05,0.000814257247839123
182,0.0011272571282461286,-0.001565073151141405,-9.843599400483072e-05,-0.00010927768016699702,0.000709358137100935
183,0.001563087571412325,-0.00309998681768775,-9.454425889998674e-05,0.000116611787234433,0.0009870602516457438
184,0.0010105340043082833,-0.0014294203137978911,-7.306347106350586e-05,-0.00010271212522638962,0.0006310684257186949
185,0.0007884770748205483,-0.0018573118140920997,-0.0001677055115578696,-4.164559504715726e-05,0.000622619700152427
186,0.0008983698207885027,-0.002973702736198902,-7.217135862447321e-05,0.0,0.0007210365147329867
187,0.0008896524668671191,-0.004481066484004259,-0.00017179179121740162,0.0,0.0010617900406941772
188,0.0009742637048475444,-0.001161534572020173,-0.00016421439067926258,-0.000258234707871452,0.0005183977773413062
189,0.0013196920044720173,-0.0018732724711298943,-8.993198571261019e-05,0.0,0.0007044277735985816
190,0.0013640981633216143,-0.0020295679569244385,-0.00017480537644587457,-0.00018915894906967878,0.0007961103110574186
191,0.0015141853364184499,-0.008014597930014133,-0.0004449817643035203,-5.842356404173188e-05,0.0017454175977036357
192,0.0012521001044660807,-0.001629100413993001,-0.00012291352322790772,-0.00017221618327312171,0.0005960423150099814
193,0.0007107019191607833,-0.0028877779841423035,-0.00014488358283415437,-2.0045306428073673e-06,0.0007684291922487319
194,0.0014854965265840292,-0.0016697498504072428,-6.31480070296675e-05,2.665174542926252e-05,0.0006217486225068569
195,0.002091676229611039,-0.003164921887218952,-6.30481299594976e-05,4.67507425128133e-06,0.0010171119356527925
196,0.0014173936797305942,-0.005944490898400545,-0.00016712681099306792,0.0,0.0012466807384043932
197,0.0007861621561460197,-0.0019096372416242957,-0.00016090965073090047,-0.0001197754027089104,0.0005987004260532558
198,0.0008754878654144704,-0.0018417510436847806,-0.0001718176790745929,-0.0002540134300943464,0.0006765176658518612
199,0.002088078996166587,-0.002422422170639038,-0.00011035696661565453,-1.5279681974789128e-05,0.0010557196801528335
200,0.0015710513107478619,-0.0023641756270080805,-0.00019801684538833797,-0.00026459444779902697,0.0009356926893815398
201,0.0008905894355848432,-0.0013760968577116728,-7.986991840880364e-05,0.0,0.0005818471545353532
202,0.0013138259528204799,-0.0016506987158209085,-7.328492301894585e-06,0.0,0.000612002273555845
203,0.0027267951518297195,-0.005578490439802408,-0.00014744720829185098,0.0,0.0013765046605840325
204,0.0014265789650380611,-0.0017200319562107325,-0.00010412432311568409,-6.985593063291162e-05,0.0007664438453502953
205,0.001668707700446248,-0.004129920620471239,-0.0001315837725996971,0.0,0.0009778571547940373
206,0.0011579783167690039,-0.0031777238473296165,-0.00010969467257382348,0.0,0.0008156435214914382
207,0.0012490428052842617,-0.0023274142295122147,-0.00012884200259577483,0.0,0.000796824402641505
208,0.0007597453077323735,-0.0032692227978259325,-0.0002246193471364677,0.0,0.0007896381430327892
209,0.0021127904765307903,-0.001364909578114748,-0.0001238807017216459,-0.00023812496510799974,0.0007219277322292328
210,0.0013576603960245848,-0.002062889514490962,-0.00020612127264030278,-0.00015120387251954526,0.0008238868904300034
211,0.001234192168340087,-0.0029889310244470835,-0.00012425398745108396,-3.928184014512226e-05,0.00101666699629277
212,0.0014152012299746275,-0.001720319502055645,-0.00010456825111759827,-1.2312974831729662e-05,0.0007513249292969704
213,0.0016347639029845595,-0.002571580931544304,-5.0265443860553205e-05,0.0,0.0008320034248754382
214,0.0007828486850485206,-0.004498959518969059,-0.0002401827077846974,-3.139410546282306e-05,0.0009520375751890242
215,0.0008024527924135327,-0.002595330588519573,-0.00016082386719062924,-3.562564597814344e-05,0.0006723136175423861
216,0.0009820916457101703,-0.003047770820558071,-0.0001531443849671632,-0.00022100536443758756,0.0008692684932611883
217,0.0011801895452663302,-0.0019412832334637642,-9.031708759721369e-05,-0.00015121708565857261,0.0007044350495561957
218,0.0017971006454899907,-0.006006364244967699,-0.0001908726553665474,-0.00010903772636083886,0.0013247280148789287
219,0.0020994399674236774,-0.0017007202841341496,-5.658766895066947e-05,-0.00013609750021714717,0.0008764976519159973
220,0.0007066711550578475,-0.001342530595138669,-8.087880269158632e-05,0.0,0.00046455656411126256
221,0.001523072482086718,-0.0028343545272946358,-0.00010229250619886443,0.0,0.0008870657184161246
222,0.0009068392682820559,-0.0009527902584522963,-3.346805533510633e-05,0.0,0.0004960060468874872
223,0.0009547111112624407,-0.0018723912071436644,-7.991672464413568e-05,7.642131095053628e-05,0.0006424200837500393
224,0.001416532089933753,-0.002580848289653659,-0.00019240789697505534,-6.346610462060198e-05,0.0009106239303946495
225,0.0010183524573221803,-0.005888286512345076,-0.00025074780569411814,0.0,0.0013035247102379799
226,0.0017288014059886336,-0.00173465209081769,-0.00020892239990644157,-0.00038951574242673814,0.0008734017028473318
227,0.0012802033452317119,-0.0011047401931136847,-0.00010323925380362198,-8.658008300699294e-05,0.0006641621002927423
228,0.000708437233697623,-0.001844483194872737,-0.00013007955567445606,-8.449701272184029e-05,0.0006023163441568613
229,0.0015375105431303382,-0.003881043056026101,-0.00020717221195809543,-0.00018454801465850323,0.0010040150955319405
230,0.0008494507637806237,-0.0032249726355075836,-0.00027602084446698427,-0.00018903438467532396,0.0008529760525561869
231,0.0015479729045182467,-0.002381768776103854,-0.0001819274330046028,0.0,0.0009272313909605145
232,0.0019125344697386026,-0.002099555917084217,-2.7735195544664748e-05,0.0,0.0007125220727175474
233,0.00112158281262964,-0.005261333659291267,-0.00024840066907927394,0.0,0.0011928126914426684
234,0.0018725601257756352,-0.002451049629598856,-0.00019207601144444197,-0.00010191006731474772,0.000921301485504955
235,0.0012637588661164045,-0.003253520466387272,-0.00015999078459572047,-3.2153886422747746e-05,0.0009386263554915786
236,0.0030319548677653074,-0.0014859650982543826,-7.744491449557245e-05,-0.00024601633776910603,0.0010600144742056727
237,0.0016169606242328882,-0.007998996414244175,-0.0003134614380542189,7.62135605327785e-05,0.0016396124847233295
238,0.0015197303146123886,-0.0014887457946315408,-0.0001492311421316117,-0.00018053653184324503,0.0007443225476890802
239,0.004575385246425867,-0.0048872195184230804,-0.00023498700466006994,-0.00019233772763982415,0.0015183670911937952
240,0.0013771271333098412,-0.0015494065592065454,-8.794439054327086e-05,-4.578018342726864e-05,0.0005511018098331988
241,0.0008776873582974076,-0.0024814833886921406,-0.00013490310811903328,3.3576048735994846e-05,0.0008179824217222631
242,0.002042703563347459,-0.0015805145958438516,-0.00011593634553719312,-0.00020520013640634716,0.0008115628152154386
243,0.00207885866984725,-0.0019785123877227306,-6.754390051355585e-05,-0.00015227889525704086,0.0009811868658289313
244,0.0017916300566866994,-0.0028759853448718786,-0.00018099912267643958,0.0,0.0008409749716520309
245,0.0013744332827627659,-0.0024514137767255306,-6.972401024540886e-05,2.4652124920976348e-05,0.0008075096411630511
246,0.0011975744273513556,-0.0019434907007962465,-0.00021462174481712282,-1.196280209114775e-05,0.0007803919143043458
247,0.002998999785631895,-0.002188056241720915,-0.00010865993681363761,0.0,0.001013176515698433
248,0.0016144410474225879,-0.005064165219664574,-0.0001995737402467057,0.0,0.0011508823372423649
249,0.0010086422553285956,-0.0008505923906341195,-8.921926928451285e-05,-9.664698882261291e-05,0.0004593055055011064
250,0.0016389680095016956,-0.0024223937653005123,-7.657209789613262e-05,0.0,0.0008224705816246569
251,0.0015248637646436691,-0.0014770071720704436,-0.0001257322437595576,-0.0001257885742234066,0.0006841739523224533
252,0.00133325660135597,-0.002361557213589549,-0.00014194245159160346,-0.00029288354562595487,0.0007801236351951957
253,0.0015027776826173067,-0.0035216379910707474,-8.528904436388984e-05,0.0,0.0009307466680184007
254,0.0017016683705151081,-0.0017362850485369563,-9.063236211659387e-05,0.0,0.0008779374184086919
255,0.0017548662144690752,-0.002980461809784174,-0.00022763648303225636,-6.30242720944807e-05,0.0012945678317919374
256,0.0020581691060215235,-0.002582527231425047,-0.00010473497241036966,0.0,0.0010787767823785543
257,0.0019302982836961746,-0.001784457010217011,-5.336864705896005e-05,-6.316442886600271e-05,0.0007988357683643699
258,0.0012153080897405744,-0.0024616781156510115,-0.00016101117944344878,-0.00013009467511437833,0.0006748405285179615
259,0.0013137554051354527,-0.0011028664885088801,-8.212008833652362e-05,-0.000199678645003587,0.0005756669561378658
260,0.0009225403191521764,-0.003419409040361643,-0.00014321994967758656,0.0,0.0008905627182684839
261,0.001335224020294845,-0.003912176005542278,-0.00025433007976971567,0.0,0.001081703114323318
262,0.0015154803404584527,-0.002747622551396489,-0.00022373037063516676,-0.00013013934949412942,0.0010529448045417666
263,0.001626762910746038,-0.004387339577078819,-0.0001768268266459927,-3.7229568988550454e-05,0.0010444304207339883
264,0.002282608998939395,-0.0012688810238614678,-7.546540291514248e-05,-6.05620261922013e-05,0.0006861246656626463
265,0.001156009268015623,-0.0012453132076188922,-1.9753053493332118e-05,0.0,0.00064614147413522
266,0.002110087778419256,-0.0020768153481185436,-0.00014297694724518806,-0.000202474751858972,0.0008932111668400466
267,0.0006530763930641115,-0.0016674891812726855,-0.00011860900849569589,-2.271607991133351e-05,0.0006425606552511454
268,0.0013465594965964556,-0.0018194729927927256,-0.00013235672668088228,4.675950094679138e-06,0.0007865395164117217
269,0.0017182693118229508,-0.00463892100378871,-7.624049612786621e-05,-2.5710365662234835e-05,0.0012585928197950125
270,0.00164661870803684,-0.00257635279558599,-9.039536234922707e-05,0.0,0.0008004662813618779
271,0.0008116256212815642,-0.0010968523565679789,-0.00010340874723624438,-6.48121495032683e-05,0.0005199249717406929
272,0.0008498332463204861,-0.0015555963618680835,-4.3484345951583236e-05,0.0,0.0005816803895868361
273,0.0012726287823170424,-0.001200957573018968,-0.00013705574383493513,-0.00015597882156725973,0.0006549496320076287
274,0.00227722292765975,-0.001370907761156559,-0.0001982559188036248,-0.0002977927215397358,0.0008351451251655817
275,0.0008530966588295996,-0.0016116799088194966,-0.00015647648251615465,-5.31509613210801e-06,0.0006402752478606999
276,0.0011126925237476826,-0.005092306528240442,-0.00024372406187467277,0.0,0.0011413702741265297
277,0.0011313471477478743,-0.001561211422085762,-0.00019541294022928923,0.0,0.000696251867339015
278,0.001475297030992806,-0.0012547491351142526,-9.175991726806387e-05,0.0,0.0006075975834392011
279,0.0015843418659642339,-0.0020480246748775244,-0.0001253794034710154,0.0,0.0007268924382515252
280,0.002133372239768505,-0.001697054598480463,-5.311473796609789e-05,-6.431719521060586e-05,0.0007848555687814951
281,0.0015585015062242746,-0.0020631945226341486,-8.958810940384865e-05,-5.6676410167710856e-05,0.0007493978482671082
282,0.0007563236285932362,-0.0013447125675156713,-0.00010658814426278695,-4.4585627620108426e-05,0.0005409333389252424
283,0.00169790955260396,-0.001158788800239563,-5.348485865397379e-05,-0.0003381516726221889,0.0006885328912176192
284,0.0021714221220463514,-0.0019134969916194677,-0.00013538477651309222,-7.978433859534562e-05,0.0007631413172930479
285,0.0013481968780979514,-0.001491993316449225,-4.659259502659552e-05,-3.015521724591963e-05,0.0006109160021878779
286,0.0017413244349882007,-0.0028311023488640785,-0.00021121629106346518,-0.00012177781172795221,0.0009321440593339503
287,0.001800978439860046,-0.002666860818862915,-0.00011716979497577995,-0.00016396140563301742,0.0008425814448855817
288,0.0006235256441868842,-0.001402545254677534,-0.0001496430195402354,-5.146825787960552e-05,0.00041803892236202955
289,0.0011945664882659912,-0.0013038819888606668,-7.319319411180913e-05,-6.323495472315699e-05,0.0006137083400972188
290,0.0012961963657289743,-0.001221405458636582,-0.0001327775971731171,-0.00010030211706180125,0.0005992074147798121
291,0.0009005822939798236,-0.001412035315297544,-0.00023755268193781376,-0.0002621535968501121,0.0006686266860924661
292,0.0010965319816023111,-0.002568928524851799,-0.00015392429486382753,-0.00012407386384438723,0.000705330225173384
293,0.0006624070811085403,-0.0020916610956192017,-0.00010430008842376992,0.00015341198013629764,0.0007125302799977362
294,0.0004603148845490068,-0.0018254691967740655,-0.0002267762611154467,-1.2329561286605895e-05,0.0006013654638081789
295,0.000845479080453515,-0.001660955953411758,-0.00015363733109552413,-2.973061964439694e-05,0.0006115718861110508
296,0.0013253052020445466,-0.0035100963432341814,-0.00021490933431778103,-2.2710732082487084e-05,0.0009676064364612103
297,0.0005758386687375605,-0.0015055154217407107,-0.00013452568964567035,0.0,0.000509762903675437
298,0.0016185344429686666,-0.0015318210935220122,-0.00015664688544347882,-0.0002887077280320227,0.0008204614860005677
299,0.002033356809988618,-0.0016297890106216073,-0.0001757857098709792,-0.0001594658533576876,0.0008242531912401319
300,0.0017959646647796035,-0.003325840225443244,-0.00020669748482760042,0.0,0.0010298406705260277
301,0.002230376238003373,-0.0026773533318191767,-0.0002329582639504224,-0.000114956266770605,0.0012810889165848494
302,0.0009738258086144924,-0.0014934298815205693,-3.7630168662872165e-05,9.053856047103181e-06,0.0006396243697963655
303,0.0011366336839273572,-0.0032397203613072634,-0.0001470718125347048,0.0,0.0008067645248956978
304,0.0009886677144095302,-0.0024756051134318113,-0.00016571991727687418,0.0,0.0006318401428870857
305,0.0013614004710689187,-0.0024071154184639454,-0.00019253398932050914,-5.0557391659822315e-05,0.000828602584078908
306,0.0011227302020415664,-0.003722764551639557,-0.000258320797001943,0.0,0.0011522475397214293
307,0.001169482129625976,-0.0024975065607577562,-0.00011924034333787858,0.0,0.0008201933233067393
308,0.0019721270073205233,-0.0030536197591573,-0.00015780686226207763,-7.819528400432318e-05,0.0008996733813546598
309,0.0009778316598385572,-0.0011715671280398965,-6.679709622403607e-05,0.0,0.0005575602408498526
310,0.0022135411854833364,-0.0026969804894179106,-0.00012032162339892238,-9.240061626769602e-05,0.0010035375598818064
311,0.0009380642441101372,-0.002411045366898179,-0.00016466618399135768,-0.00012385965965222567,0.0007626044098287821
312,0.0017699801828712225,-0.0015369714237749577,-8.708914538146928e-05,0.0,0.0007815412827767432
313,0.000694950285833329,-0.0011649562511593103,-0.00010611316247377545,-7.409002137137577e-05,0.0004619162646122277
314,0.0011750420089811087,-0.0020170521456748247,-0.0001654364023124799,0.0,0.0007565431878902018
315,0.0011626293417066336,-0.0014253546250984073,-6.277899956330657e-05,-0.0001860581833170727,0.000614969409070909
316,0.00118023413233459,-0.005965185817331076,-0.00023918895749375224,-7.982448005350307e-05,0.0012234607711434364
317,0.0011482455302029848,-0.003924934659153223,-0.00019272304780315608,0.0,0.0010189460590481758
318,0.0010964141692966223,-0.001802117913030088,-8.555375825380906e-05,-2.4637121896375902e-05,0.0006658741622231901
319,0.0006493773544207215,-0.002088085515424609,-0.00012994032294955105,0.0,0.0006592203862965107
320,0.0009669082355685532,-0.00161733606364578,-0.00012143936328357086,-2.8679856768576428e-05,0.000613222538959235
321,0.0009962862823158503,-0.0034943020436912775,-0.00013564298569690436,0.0,0.0007647581514902413
322,0.0009246424888260663,-0.00149098364636302,-9.597431198926643e-05,0.0,0.0006086683715693653
323,0.0010916527826339006,-0.003946384415030479,-0.00014730723341926932,0.0,0.0008682627230882645
324,0.001293565146625042,-0.0025984812527894974,-8.709220855962485e-05,-0.00011588109919102862,0.0006922783213667572
325,0.0009083066834136844,-0.0029955916106700897,-0.00022874663409311324,-0.0001773345284163952,0.0008168875938281417
326,0.0009117258596234024,-0.0016814079135656357,-0.00015637176693417132,-5.8843808801611885e-05,0.0006418462144210935
327,0.000746946781873703,-0.002007084432989359,-0.00012538291048258543,-8.852095197653398e-05,0.0005836212076246738
328,0.0016610370948910713,-0.0020722656045109034,-0.0001561844110256061,0.0,0.0010017954045906663
329,0.0023953034542500973,-0.0024428539909422398,-0.00014890496095176786,-0.0002574708196334541,0.00099092663731426
330,0.001416985527612269,-0.00146515853703022,-8.757864270592108e-05,-1.6914355001063086e-05,0.0005053611239418387
331,0.0008148401393555105,-0.0028708812315016985,-0.00015791159239597619,0.0,0.0007626375881955028
332,0.002103431848809123,-0.0028359179850667715,-0.0002369577414356172,-0.00022609651205129921,0.0010884815128520131
333,0.0521598681807518,-0.0012517947470769286,0.0020019402727484703,-0.00017030793242156506,0.010691516101360321
334,0.00284084165468812,-0.005141169298440218,-0.00018396921223029494,-0.00014936583465896547,0.0012890934012830257
335,0.000907343637663871,-0.002299862215295434,-9.60195975494571e-05,-5.7343291700817645e-05,0.0006949277012608945
336,0.001092316466383636,-0.0015254004392772913,-7.741348963463679e-05,-0.00011222981265746057,0.0005982131115160882
337,0.001133528770878911,-0.0016100422944873571,-0.00017329429101664573,-0.00011426134005887434,0.0007007608073763549
338,0.0013321940787136555,-0.0019332695519551635,-0.00012265663826838136,0.0,0.0007388959638774395
339,0.0007167634321376681,-0.0018501722952350974,-0.0001370217651128769,-6.011761070112698e-05,0.0005817647324874997
340,0.0012360478285700083,-0.0017486964352428913,-0.0001332087704213336,-6.495191655631061e-07,0.0007326325867325068
341,0.0013365865452215075,-0.001299268682487309,-0.00010267681500408798,-3.1918592867441475e-05,0.0006067991489544511
342,0.0023345400113612413,-0.003372451290488243,-0.00014573764929082245,0.0,0.000975626811850816
343,0.0010638473322615027,-0.0019127698615193367,-0.0001166092260973528,0.0,0.0005705896182917058
344,0.00046003551688045263,-0.00124724255874753,-0.0001428307732567191,-4.7926459956215695e-05,0.00046410970389842987
345,0.0010836247820407152,-0.0012579907197505236,-7.768131763441488e-05,-4.242188515490852e-05,0.000530051183886826
346,0.0013440292095765471,-0.0018595263827592134,-6.898571882629767e-05,0.0,0.0006261401576921344
347,0.00095749442698434,-0.001890034880489111,-9.480586595600471e-05,0.0001113808320951648,0.0007497587939724326
348,0.0017660625744611025,-0.00144190713763237,-0.00011966365855187178,-6.633766315644607e-05,0.0006481196614913642
349,0.0005290675908327103,-0.0014702058397233486,-0.00010837582522071898,0.0,0.0003711075405590236
350,0.0015580713516101241,-0.0016140383668243885,-0.00014947500312700868,-0.00010156262578675523,0.0007206089212559164
351,0.0014331188285723329,-0.004748809617012739,-0.00015892265946604311,0.0,0.0010149909649044275
352,0.0018113652477040887,-0.0020211325027048588,-0.00013899261830374599,0.0,0.000694829155690968
353,0.03956175595521927,-0.0022618602961301804,0.001173362834379077,-6.084943379391916e-05,0.0075513748452067375
354,0.0044675106182694435,-0.003981865011155605,-1.1300452570139896e-05,-4.1161263652611524e-05,0.0014756020391359925
355,0.0017288374947384,-0.0016126057598739862,-0.00010556265624472871,0.0,0.0007399922469630837
356,0.0015481559094041586,-0.002494310261681676,-0.0002383993996772915,-0.00013599784870166332,0.0010821769246831536
357,0.0009924877667799592,-0.0024661559145897627,-0.00013658775424119085,-6.106585351517424e-05,0.000743987038731575
358,0.0007178719388321042,-0.000800193112809211,-3.984933937317692e-05,0.0,0.00035186955938115716
359,0.0019964692182838917,-0.0033261622302234173,-0.00018748297588899732,-0.00010286999895470217,0.0009353104396723211
360,0.002017468912526965,-0.002769072540104389,-0.0001768776128301397,-0.00012688091374002397,0.0008612163364887238
361,0.0004728760977741331,-0.0014186439802870154,-0.00019301954307593405,-7.455902277797577e-07,0.0005208574002608657
362,0.0009416568791493773,-0.0014668243238702416,-0.00010344436304876581,-0.00011605101462919265,0.0005403331015259027
363,0.0013924527447670698,-0.002380903111770749,-0.00013125961413607,0.0,0.0007198965176939964
364,0.0011831115698441863,-0.002067596884444356,-0.00014261621981859207,0.0,0.000752073887269944
365,0.0010712093207985163,-0.0019009948009625077,-0.00020918913651257753,-0.0001074776955647394,0.0008088645990937948
366,0.0011184661416336894,-0.0018290140433236957,-0.00019307031470816582,-0.0001766449713613838,0.000698931107763201
367,0.0006940161110833287,-0.0027166646905243397,-0.00019376880663912743,-3.0457313187071122e-05,0.0008496262016706169
368,0.0005979961715638638,-0.0011552833020687103,-0.00012867440818808973,-0.00012249346764292568,0.0004005025839433074
369,0.000862953660544008,-0.002580867847427726,-0.00023067758593242615,-0.0001494736352469772,0.0007980452501215041
370,0.0010021214839071035,-0.0037933725398033857,-0.0003098733723163605,-0.00022486648231279105,0.000932153663598001
371,0.0011581549188122153,-0.0042576235719025135,-0.00027047155890613794,-7.581122918054461e-05,0.0009518122533336282
372,0.001640050089918077,-0.0027671840507537127,-0.000225534473429434,-0.00011998725676676258,0.0008039062959142029
373,0.0009041116572916508,-0.004274026025086641,-0.00032560984254814684,-0.000175631299498491,0.0009517721482552588
374,0.0008877220097929239,-0.0017949119210243225,-0.0001817741576815024,-9.148238314082846e-05,0.0006200947100296617
375,0.000634595809970051,-0.0020729878451675177,-0.00017663869948592037,-8.910765609471127e-05,0.0005973690422251821
376,0.0016554866451770067,-0.002049808157607913,-0.0001229001791216433,0.0,0.0007796560530550778
377,0.001072903978638351,-0.0015920784790068865,-0.00013971618318464607,-0.00017552664212416857,0.0006000805296935141
378,0.0009863569866865873,-0.0017133052460849285,-0.00020121640409342945,-2.4061480871750973e-05,0.0007011317065916955
379,0.0006820271955803037,-0.0035676939878612757,-0.0003300466341897845,-2.9297756555024534e-05,0.0009691065642982721
380,0.0012791884364560246,-0.0026037744246423244,-0.00013490638229995966,-3.3400800020899624e-05,0.0007349167135544121
381,0.0010477505857124925,-0.0017053885385394096,-0.00015169958351179957,-0.00013121060328558087,0.0006895622937008739
382,0.0004796867724508047,-0.0007694644154980779,-6.884623871883377e-05,-1.1710124454111792e-05,0.00034973063156940043
383,0.0010715196840465069,-0.001696886378340423,-0.0001639275869820267,-0.00023717863950878382,0.0007995403720997274
384,0.001143844099715352,-0.0015399475814774632,-0.0001394585706293583,-5.902494740439579e-05,0.0006461987504735589
385,0.0010530921863391995,-0.001787708722986281,-0.00020996385137550533,-0.0002012375625781715,0.0007282723090611398
386,0.0006679037469439209,-0.001535755000077188,-0.00017660389130469412,0.0,0.0005138140986673534
387,0.0009842542931437492,-0.0014952986966818571,-0.0001614365028217435,-0.00022619840456172824,0.000711491156835109
388,0.0012621713103726506,-0.0019801168236881495,-0.00012039161083521321,-3.9826012653065845e-05,0.0007434067083522677
389,0.0015182079514488578,-0.0017520161345601082,-0.00014944211579859257,-0.0002680370816960931,0.0007424926734529436
390,0.0010045742383226752,-0.0037415127735584974,-0.0001509715075371787,-3.119574466836639e-05,0.0009126421646215022
391,0.0012967961374670267,-0.0021507919300347567,-0.00019158325449097902,-0.00011733995779650286,0.0007832158589735627
392,0.0009643473895266652,-0.0015418691327795386,-0.00017992618086282164,-6.629996642004699e-05,0.0006010951474308968
393,0.0005745349917560816,-0.0019008060917258263,-0.00016558312927372754,0.0,0.0006526173674501479
394,0.0013076064642518759,-0.00230268738232553,-0.0001716986153041944,-0.0002563185116741806,0.0006889623473398387
395,0.001363402814604342,-0.002672565635293722,-0.0001312363747274503,-5.289073669700883e-05,0.0006762946723029017
396,0.0006919663865119219,-0.001662375871092081,-0.0001837268500821665,-0.00015333943883888423,0.0005145786562934518
397,0.0008735738811083138,-0.0009621359640732408,-3.0438892281381413e-05,-1.713665187708102e-05,0.0005018270458094776
398,0.0007798667647875845,-0.0018786948639899492,-8.225497731473297e-05,-5.191233412915608e-06,0.0006576332962140441
399,0.0012271944433450699,-0.000999181647785008,-0.00022164414986036718,-0.0003964572970289737,0.0005761133506894112
