step,w_exact,w_char,w_pattern,w_affix,w_length,difficulty_multiplier,exact_match_raw,char_overlap_raw,pattern_raw,affix_raw,length_penalty_raw,exact_match_norm,char_overlap_norm,pattern_norm,affix_norm,length_penalty_norm,composite_pre,composite_with_length,composite_predicted,reward_scalar,composite_diff,parse_success
0,0.39999999999999997,0.19999999999999998,0.14999999999999997,0.09999999999999999,0.14999999999999997,1.1999999999999997,0.0013020833333333333,0.264896344346422,0.0,0.95703125,0.43829033698089687,0.0013020833333333333,0.264896344346422,0.0,0.95703125,0.43829033698089687,0.14920322720261772,0.0874040326008006,0.10488483912096071,0.10488483912096071,,0.68359375
1,0.39999999999999997,0.19999999999999998,0.14999999999999997,0.09999999999999999,0.14999999999999997,1.1999999999999997,0.12239583333333333,0.3530504387827311,0.0,1.0,0.5715739777689982,0.12239583333333333,0.3530504387827311,0.0,1.0,0.5715739777689982,0.2195684210898796,0.16986826334517183,0.2038419160142062,0.2038419160142062,,0.734375
2,0.39999999999999997,0.19999999999999998,0.14999999999999997,0.09999999999999999,0.14999999999999997,1.1999999999999997,0.0390625,0.28985456560032796,0.0,0.9891493055555555,0.47950566000759026,0.0390625,0.28985456560032796,0.0,0.9891493055555555,0.47950566000759026,0.17251084367562117,0.11380291028768234,0.13656349234521883,0.13656349234521883,,0.7630208333333334
3,0.39999999999999997,0.19999999999999998,0.14999999999999997,0.09999999999999999,0.14999999999999997,1.1999999999999997,0.08072916666666667,0.2937137221165162,0.0,0.98828125,0.5101765970304792,0.08072916666666667,0.2937137221165162,0.0,0.98828125,0.5101765970304792,0.18986253608996986,0.13297356522867532,0.15956827827441036,0.15956827827441036,,0.7578125
4,0.39999999999999997,0.19999999999999998,0.14999999999999997,0.09999999999999999,0.14999999999999997,1.1999999999999997,0.07942708333333333,0.3327312855797851,0.0,0.9735243055555557,0.5210956914280728,0.07942708333333333,0.3327312855797851,0.0,0.9735243055555557,0.5210956914280728,0.19566952100484591,0.14167119047211374,0.17000542856653644,0.17000542856653644,,0.7747395833333334
5,0.39999999999999997,0.19999999999999998,0.14999999999999997,0.09999999999999999,0.14999999999999997,1.1999999999999997,0.0859375,0.29515354560108786,0.0,1.0,0.5942049322278636,0.0859375,0.29515354560108786,0.0,1.0,0.5942049322278636,0.1934057091202176,0.145117576378081,0.17414109165369718,0.17414109165369718,,0.8059895833333334
6,0.39999999999999997,0.19999999999999998,0.14999999999999997,0.09999999999999999,0.14999999999999997,1.1999999999999997,0.125,0.3205720366657623,0.0,0.9876302083333334,0.5470024911722716,0.125,0.3205720366657623,0.0,0.9876302083333334,0.5470024911722716,0.2128774281664858,0.1613614623644495,0.19363375483733938,0.19363375483733938,,0.9036458333333334
7,0.39999999999999997,0.19999999999999998,0.14999999999999997,0.09999999999999999,0.14999999999999997,1.1999999999999997,0.041666666666666664,0.23756268032541758,0.0,0.9973958333333334,0.5663251848652707,0.041666666666666664,0.23756268032541758,0.0,0.9973958333333334,0.5663251848652707,0.16391878606508353,0.1139401162226462,0.1367281394671754,0.1367281394671754,,0.8294270833333334
8,0.39999999999999997,0.19999999999999998,0.14999999999999997,0.09999999999999999,0.14999999999999997,1.1999999999999997,0.06901041666666667,0.307536560161996,0.0,0.982421875,0.5485958202224507,0.06901041666666667,0.307536560161996,0.0,0.982421875,0.5485958202224507,0.18735366619906588,0.1356254261789713,0.16275051141476557,0.16275051141476557,,0.8841145833333334
9,0.39999999999999997,0.19999999999999998,0.14999999999999997,0.09999999999999999,0.14999999999999997,1.1999999999999997,0.11328125,0.3212701049964177,0.0,0.9583333333333334,0.5481502934172249,0.11328125,0.3212701049964177,0.0,0.9583333333333334,0.5481502934172249,0.2053998543326169,0.15268174498352902,0.1832180939802348,0.1832180939802348,,0.9270833333333334
10,0.39999999999999997,0.19999999999999998,0.14999999999999997,0.09999999999999999,0.14999999999999997,1.1999999999999997,0.07942708333333333,0.28856309733724333,0.0,0.9309895833333334,0.5453514547863634,0.07942708333333333,0.28856309733724333,0.0,0.9309895833333334,0.5453514547863634,0.18258241113411536,0.1328824206781619,0.15945890481379424,0.15945890481379424,,0.8997395833333334
11,0.39999999999999997,0.19999999999999998,0.14999999999999997,0.09999999999999999,0.14999999999999997,1.1999999999999997,0.08333333333333333,0.3260158769158151,0.0,1.0,0.6468532867058817,0.08333333333333333,0.3260158769158151,0.0,1.0,0.6468532867058817,0.19853650871649633,0.15281162152127187,0.1833739458255262,0.1833739458255262,,0.9322916666666666
12,0.39999999999999997,0.19999999999999998,0.14999999999999997,0.09999999999999999,0.14999999999999997,1.1999999999999997,0.1015625,0.41739470849951843,0.0,0.9943576388888888,0.8259699488426651,0.1015625,0.41739470849951843,0.0,0.9943576388888888,0.8259699488426651,0.22353970558879258,0.20000982869312625,0.2400117944317515,0.2400117944317515,,0.91796875
13,0.39999999999999997,0.19999999999999998,0.14999999999999997,0.09999999999999999,0.14999999999999997,1.1999999999999997,0.16666666666666666,0.5440094154523302,0.0,0.9700520833333334,0.8976646184212473,0.16666666666666666,0.5440094154523302,0.0,0.9700520833333334,0.8976646184212473,0.2724737580904661,0.2578229048012591,0.3093874857615109,0.3093874857615109,,0.9895833333333334
14,0.39999999999999997,0.19999999999999998,0.14999999999999997,0.09999999999999999,0.14999999999999997,1.1999999999999997,0.11979166666666667,0.4318823495421289,0.0,0.9683159722222222,0.902555335039484,0.11979166666666667,0.4318823495421289,0.0,0.9683159722222222,0.902555335039484,0.23112473379731466,0.21759259808334228,0.26111111770001066,0.26111111770001066,,0.9583333333333334
15,0.39999999999999997,0.19999999999999998,0.14999999999999997,0.09999999999999999,0.14999999999999997,1.1999999999999997,0.12109375,0.4643233167321701,0.0,0.9934895833333334,0.9101006102959105,0.12109375,0.4643233167321701,0.0,0.9934895833333334,0.9101006102959105,0.24065112167976735,0.2281827148789082,0.2738192578546898,0.2738192578546898,,0.9856770833333334
16,0.39999999999999997,0.19999999999999998,0.14999999999999997,0.09999999999999999,0.14999999999999997,1.1999999999999997,0.08333333333333333,0.4107591548829277,0.0,0.9733072916666666,0.9046319356679254,0.08333333333333333,0.4107591548829277,0.0,0.9733072916666666,0.9046319356679254,0.21281589347658558,0.2013096412717982,0.24157156952615785,0.24157156952615785,,0.9908854166666666
17,0.39999999999999997,0.19999999999999998,0.14999999999999997,0.09999999999999999,0.14999999999999997,1.1999999999999997,0.125,0.4202730400889155,0.0,0.9839409722222223,0.8698097133311115,0.125,0.4202730400889155,0.0,0.9839409722222223,0.8698097133311115,0.23244870524000535,0.2163122945809052,0.2595747534970862,0.2595747534970862,,0.97265625
18,0.39999999999999997,0.19999999999999998,0.14999999999999997,0.09999999999999999,0.14999999999999997,1.1999999999999997,0.14322916666666666,0.45593931280114247,0.0,0.9683159722222222,0.9469424304524633,0.14322916666666666,0.45593931280114247,0.0,0.9683159722222222,0.9469424304524633,0.24531112644911737,0.23903979395205766,0.28684775274246926,0.28684775274246926,,0.99609375
19,0.39999999999999997,0.19999999999999998,0.14999999999999997,0.09999999999999999,0.14999999999999997,1.1999999999999997,0.125,0.41545314429991814,0.0,0.9889322916666666,0.9875700479931653,0.125,0.41545314429991814,0.0,0.9889322916666666,0.9875700479931653,0.2319838580266503,0.23016447280471022,0.2761973673656523,0.2761973673656523,,0.9908854166666666
20,0.39999999999999997,0.19999999999999998,0.14999999999999997,0.09999999999999999,0.14999999999999997,1.1999999999999997,0.08333333333333333,0.3838137109424217,0.0,0.9713541666666666,0.9594764542434605,0.08333333333333333,0.3838137109424217,0.0,0.9713541666666666,0.9594764542434605,0.20723149218848436,0.20181171165095732,0.24217405398114877,0.24217405398114877,,0.9986979166666666
21,0.39999999999999997,0.19999999999999998,0.14999999999999997,0.09999999999999999,0.14999999999999997,1.1999999999999997,0.11067708333333333,0.4220060677590589,0.0,0.9739583333333334,0.9879403934289087,0.11067708333333333,0.4220060677590589,0.0,0.9739583333333334,0.9879403934289087,0.22606788021847843,0.22445769910472144,0.2693492389256657,0.2693492389256657,,0.9986979166666666
22,0.39999999999999997,0.19999999999999998,0.14999999999999997,0.09999999999999999,0.14999999999999997,1.1999999999999997,0.109375,0.4180079748260914,0.0,0.939670138888889,0.972162050189394,0.109375,0.4180079748260914,0.0,0.939670138888889,0.972162050189394,0.22131860885410717,0.21779343871123602,0.2613521264534832,0.2613521264534832,,0.9986979166666666
23,0.39999999999999997,0.19999999999999998,0.14999999999999997,0.09999999999999999,0.14999999999999997,1.1999999999999997,0.17057291666666666,0.49015712482195645,0.0,0.9483506944444443,0.974598513465701,0.17057291666666666,0.49015712482195645,0.0,0.9483506944444443,0.974598513465701,0.2610956610755024,0.2580732771174783,0.309687932540974,0.309687932540974,,1.0
24,0.39999999999999997,0.19999999999999998,0.14999999999999997,0.09999999999999999,0.14999999999999997,1.1999999999999997,0.06770833333333333,0.35106318106220574,0.0,0.9811197916666666,0.9588010465968875,0.06770833333333333,0.35106318106220574,0.0,0.9811197916666666,0.9588010465968875,0.19540794871244116,0.19014375031048758,0.2281725003725851,0.2281725003725851,,1.0
25,0.39999999999999997,0.19999999999999998,0.14999999999999997,0.09999999999999999,0.14999999999999997,1.1999999999999997,0.125,0.378077289362494,0.0,0.9895833333333334,0.8943803897468577,0.125,0.378077289362494,0.0,0.9895833333333334,0.8943803897468577,0.22457379120583218,0.2105114266689557,0.2526137120027468,0.2526137120027468,,1.0
26,0.39999999999999997,0.19999999999999998,0.14999999999999997,0.09999999999999999,0.14999999999999997,1.1999999999999997,0.1015625,0.39005528388536675,0.0,0.9809027777777777,0.9640457307449495,0.1015625,0.39005528388536675,0.0,0.9809027777777777,0.9640457307449495,0.21672633455485116,0.21145753706627532,0.25374904447953034,0.25374904447953034,,1.0
27,0.39999999999999997,0.19999999999999998,0.14999999999999997,0.09999999999999999,0.14999999999999997,1.1999999999999997,0.11458333333333333,0.42673768182678984,0.0,0.920138888888889,0.9511963676514457,0.11458333333333333,0.42673768182678984,0.0,0.920138888888889,0.9511963676514457,0.22319475858758023,0.2161359737898667,0.2593631685478401,0.2593631685478401,,1.0
28,0.39999999999999997,0.19999999999999998,0.14999999999999997,0.09999999999999999,0.14999999999999997,1.1999999999999997,0.09765625,0.41652698708906377,0.0,0.9791666666666666,0.9759324209005541,0.09765625,0.41652698708906377,0.0,0.9791666666666666,0.9759324209005541,0.22028456408447947,0.21676705374728975,0.2601204644967477,0.2601204644967477,,1.0
29,0.39999999999999997,0.19999999999999998,0.14999999999999997,0.09999999999999999,0.14999999999999997,1.1999999999999997,0.0625,0.4024766393710319,0.0,0.9368489583333334,0.9891917219065656,0.0625,0.4024766393710319,0.0,0.9368489583333334,0.9891917219065656,0.19918022370753974,0.19767703210973372,0.23721243853168048,0.23721243853168048,,1.0
30,0.39999999999999997,0.19999999999999998,0.14999999999999997,0.09999999999999999,0.14999999999999997,1.1999999999999997,0.109375,0.4203693848957076,0.0,0.9778645833333334,0.9786272321428572,0.109375,0.4203693848957076,0.0,0.9778645833333334,0.9786272321428572,0.2256103353124749,0.22259549335753018,0.26711459202903626,0.26711459202903626,,1.0
31,0.39999999999999997,0.19999999999999998,0.14999999999999997,0.09999999999999999,0.14999999999999997,1.1999999999999997,0.06380208333333333,0.4570898786722258,0.0,0.984375,0.9794555487914863,0.06380208333333333,0.4570898786722258,0.0,0.984375,0.9794555487914863,0.21537630906777852,0.21277385224269432,0.2553286226912332,0.2553286226912332,,1.0
32,0.39999999999999997,0.19999999999999998,0.14999999999999997,0.09999999999999999,0.14999999999999997,1.1999999999999997,0.18489583333333334,0.46862630794971355,0.0,1.0,0.9917666853673288,0.18489583333333334,0.46862630794971355,0.0,1.0,0.9917666853673288,0.2676835949232761,0.2665386184613332,0.3198463421535998,0.3198463421535998,,1.0
33,0.39999999999999997,0.19999999999999998,0.14999999999999997,0.09999999999999999,0.14999999999999997,1.1999999999999997,0.08984375,0.3369879269677754,0.0,0.9609375,0.9700908358134921,0.08984375,0.3369879269677754,0.0,0.9609375,0.9700908358134921,0.19942883539355508,0.19528365986608867,0.23434039183930633,0.23434039183930633,,1.0
34,0.39999999999999997,0.19999999999999998,0.14999999999999997,0.09999999999999999,0.14999999999999997,1.1999999999999997,0.13671875,0.50238140541651,0.0,0.908203125,0.9988374255952381,0.13671875,0.50238140541651,0.0,0.908203125,0.9988374255952381,0.24598409358330198,0.24582376504559575,0.2949885180547149,0.2949885180547149,,1.0
35,0.39999999999999997,0.19999999999999998,0.14999999999999997,0.09999999999999999,0.14999999999999997,1.1999999999999997,0.20833333333333334,0.4935485950749669,0.0,0.9839409722222222,0.9970703125,0.20833333333333334,0.4935485950749669,0.0,0.9839409722222222,0.9970703125,0.28043714957054894,0.2799529057882492,0.33594348694589904,0.33594348694589904,,1.0
36,0.39999999999999997,0.19999999999999998,0.14999999999999997,0.09999999999999999,0.14999999999999997,1.1999999999999997,0.18880208333333334,0.49495568341967444,0.0,1.0,0.996688988095238,0.18880208333333334,0.49495568341967444,0.0,1.0,0.996688988095238,0.27451197001726824,0.27400338787269235,0.3288040654472308,0.3288040654472308,,1.0
37,0.39999999999999997,0.19999999999999998,0.14999999999999997,0.09999999999999999,0.14999999999999997,1.1999999999999997,0.15625,0.4816364413297823,0.0,1.0,0.9994419642857143,0.15625,0.4816364413297823,0.0,1.0,0.9994419642857143,0.2588272882659564,0.2587342823135755,0.31048113877629063,0.31048113877629063,,1.0
38,0.39999999999999997,0.19999999999999998,0.14999999999999997,0.09999999999999999,0.14999999999999997,1.1999999999999997,0.23307291666666666,0.512569709159577,0.0,0.9778645833333334,0.9935593377976191,0.23307291666666666,0.512569709159577,0.0,0.9778645833333334,0.9935593377976191,0.2935295668319155,0.29272938260770837,0.35127525912925,0.35127525912925,,1.0
39,0.39999999999999997,0.19999999999999998,0.14999999999999997,0.09999999999999999,0.14999999999999997,1.1999999999999997,0.23567708333333334,0.51095973163358,0.0,0.98046875,0.9882486979166667,0.23567708333333334,0.51095973163358,0.0,0.98046875,0.9882486979166667,0.29450965466004936,0.29258680510037915,0.351104166120455,0.351104166120455,,1.0
40,0.39999999999999997,0.19999999999999998,0.14999999999999997,0.09999999999999999,0.14999999999999997,1.1999999999999997,0.18359375,0.5176748715341243,0.0,0.9583333333333334,0.9927408854166666,0.18359375,0.5176748715341243,0.0,0.9583333333333334,0.9927408854166666,0.27280580764015827,0.2717162467332074,0.3260594960798488,0.3260594960798488,,1.0
41,0.39999999999999997,0.19999999999999998,0.14999999999999997,0.09999999999999999,0.14999999999999997,1.1999999999999997,0.19921875,0.4525648446725757,0.0,1.0,0.9948660714285714,0.19921875,0.4525648446725757,0.0,1.0,0.9948660714285714,0.27020046893451516,0.26952297520164853,0.3234275702419782,0.3234275702419782,,1.0
42,0.39999999999999997,0.19999999999999998,0.14999999999999997,0.09999999999999999,0.14999999999999997,1.1999999999999997,0.20703125,0.4995171269682479,0.0,0.9765625,0.9968750000000001,0.20703125,0.4995171269682479,0.0,0.9765625,0.9968750000000001,0.2803721753936496,0.27989027339221634,0.3358683280706596,0.3358683280706596,,1.0
43,0.39999999999999997,0.19999999999999998,0.14999999999999997,0.09999999999999999,0.14999999999999997,1.1999999999999997,0.10416666666666667,0.45408622619455036,0.0,0.98046875,0.9996279761904763,0.10416666666666667,0.45408622619455036,0.0,0.98046875,0.9996279761904763,0.23053078690557674,0.2304674775906227,0.2765609731087472,0.2765609731087472,,1.0
44,0.39999999999999997,0.19999999999999998,0.14999999999999997,0.09999999999999999,0.14999999999999997,1.1999999999999997,0.13541666666666666,0.486053994875484,0.0,0.986111111111111,0.9961662523674241,0.13541666666666666,0.486053994875484,0.0,0.986111111111111,0.9961662523674241,0.2499885767528746,0.24949490819751882,0.2993938898370226,0.2993938898370226,,1.0
45,0.39999999999999997,0.19999999999999998,0.14999999999999997,0.09999999999999999,0.14999999999999997,1.1999999999999997,0.14973958333333334,0.49634045518728104,0.0,1.0,0.9993489583333334,0.14973958333333334,0.49634045518728104,0.0,1.0,0.9993489583333334,0.25916392437078956,0.25909158640782665,0.31090990368939186,0.31090990368939186,,1.0
46,0.39999999999999997,0.19999999999999998,0.14999999999999997,0.09999999999999999,0.14999999999999997,1.1999999999999997,0.1875,0.5638807592852318,0.0,0.9322916666666666,0.9990530303030303,0.1875,0.5638807592852318,0.0,0.9322916666666666,0.9990530303030303,0.2810053185237131,0.28082644646984106,0.3369917357638092,0.3369917357638092,,1.0
47,0.39999999999999997,0.19999999999999998,0.14999999999999997,0.09999999999999999,0.14999999999999997,1.1999999999999997,0.19140625,0.5445828541248817,0.0,0.9891493055555557,0.9993489583333334,0.19140625,0.5445828541248817,0.0,0.9891493055555557,0.9993489583333334,0.28439400138053195,0.28429161028204714,0.34114993233845653,0.34114993233845653,,1.0
48,0.39999999999999997,0.19999999999999998,0.14999999999999997,0.09999999999999999,0.14999999999999997,1.1999999999999997,0.13802083333333334,0.4474857237250634,0.0,0.9583333333333334,0.9972377232142856,0.13802083333333334,0.4474857237250634,0.0,0.9583333333333334,0.9972377232142856,0.2405388114116794,0.24012136452019758,0.28814563742423704,0.28814563742423704,,1.0
49,0.39999999999999997,0.19999999999999998,0.14999999999999997,0.09999999999999999,0.14999999999999997,1.1999999999999997,0.11328125,0.40458061212174035,0.0,0.9596354166666666,0.9884362599206349,0.11328125,0.40458061212174035,0.0,0.9596354166666666,0.9884362599206349,0.22219216409101472,0.22086617319257282,0.26503940783108737,0.26503940783108737,,1.0
50,0.39999999999999997,0.19999999999999998,0.14999999999999997,0.09999999999999999,0.14999999999999997,1.1999999999999997,0.234375,0.5012260653934638,0.0,0.9893663194444445,0.9966905381944445,0.234375,0.5012260653934638,0.0,0.9893663194444445,0.9966905381944445,0.29293184502313724,0.29258029334448565,0.35109635201338274,0.35109635201338274,,1.0
51,0.39999999999999997,0.19999999999999998,0.14999999999999997,0.09999999999999999,0.14999999999999997,1.1999999999999997,0.16666666666666666,0.4778123248087545,0.0,0.9615885416666666,0.9984964037698413,0.16666666666666666,0.4778123248087545,0.0,0.9615885416666666,0.9984964037698413,0.25838798579508426,0.25825039239634656,0.30990047087561584,0.30990047087561584,,1.0
52,0.39999999999999997,0.19999999999999998,0.14999999999999997,0.09999999999999999,0.14999999999999997,1.1999999999999997,0.10677083333333333,0.3863818976744488,0.0,0.9149305555555555,1.0,0.10677083333333333,0.3863818976744488,0.0,0.9149305555555555,1.0,0.21147776842377866,0.21147776842377866,0.25377332210853437,0.25377332210853437,,1.0
53,0.39999999999999997,0.19999999999999998,0.14999999999999997,0.09999999999999999,0.14999999999999997,1.1999999999999997,0.2903645833333333,0.5561350277901257,0.0,1.0,0.9919859871031745,0.2903645833333333,0.5561350277901257,0.0,1.0,0.9919859871031745,0.3273728388913585,0.3261421072404631,0.39137052868855565,0.39137052868855565,,1.0
54,0.39999999999999997,0.19999999999999998,0.14999999999999997,0.09999999999999999,0.14999999999999997,1.1999999999999997,0.10416666666666667,0.5039634988026354,0.0,0.9817708333333334,0.9996818773674242,0.10416666666666667,0.5039634988026354,0.0,0.9817708333333334,0.9996818773674242,0.24063644976052712,0.24057491912628526,0.28868990295154223,0.28868990295154223,,0.9986979166666666
55,0.39999999999999997,0.19999999999999998,0.14999999999999997,0.09999999999999999,0.14999999999999997,1.1999999999999997,0.11197916666666667,0.459546414146952,0.0,0.9756944444444445,0.9996744791666666,0.11197916666666667,0.459546414146952,0.0,0.9756944444444445,0.9996744791666666,0.23427039394050153,0.23422156581550155,0.28106587897860186,0.28106587897860186,,1.0
56,0.39999999999999997,0.19999999999999998,0.14999999999999997,0.09999999999999999,0.14999999999999997,1.1999999999999997,0.20963541666666666,0.567898532310298,0.0,0.9652777777777777,1.0,0.20963541666666666,0.567898532310298,0.0,0.9652777777777777,1.0,0.29396165090650406,0.29396165090650406,0.35275398108780487,0.35275398108780487,,1.0
57,0.39999999999999997,0.19999999999999998,0.14999999999999997,0.09999999999999999,0.14999999999999997,1.1999999999999997,0.2265625,0.5522666348113645,0.0,0.9791666666666666,0.993328737745098,0.2265625,0.5522666348113645,0.0,0.9791666666666666,0.993328737745098,0.2989949936289396,0.2980802622951699,0.3576963147542038,0.3576963147542038,,1.0
58,0.39999999999999997,0.19999999999999998,0.14999999999999997,0.09999999999999999,0.14999999999999997,1.1999999999999997,0.18880208333333334,0.4703968678207932,0.0,0.96484375,0.9831643725198412,0.18880208333333334,0.4703968678207932,0.0,0.96484375,0.9831643725198412,0.266084581897492,0.26398768148286017,0.3167852177794322,0.3167852177794322,,1.0
59,0.39999999999999997,0.19999999999999998,0.14999999999999997,0.09999999999999999,0.14999999999999997,1.1999999999999997,0.16796875,0.5408802066920809,0.0,0.9422743055555555,0.9771639384920635,0.16796875,0.5408802066920809,0.0,0.9422743055555555,0.9771639384920635,0.2695909718939718,0.2660179336203273,0.3192215203443927,0.3192215203443927,,1.0
60,0.39999999999999997,0.19999999999999998,0.14999999999999997,0.09999999999999999,0.14999999999999997,1.1999999999999997,0.14583333333333334,0.5663705007284381,0.0,0.9583333333333334,0.9947916666666666,0.14583333333333334,0.5663705007284381,0.0,0.9583333333333334,0.9947916666666666,0.26744076681235435,0.2664813369877929,0.31977760438535147,0.31977760438535147,,1.0
61,0.39999999999999997,0.19999999999999998,0.14999999999999997,0.09999999999999999,0.14999999999999997,1.1999999999999997,0.171875,0.4775625214242331,0.0,1.0,0.9845749627976191,0.171875,0.4775625214242331,0.0,1.0,0.9845749627976191,0.2642625042848466,0.2619379983444636,0.3143255980133563,0.3143255980133563,,1.0
62,0.39999999999999997,0.19999999999999998,0.14999999999999997,0.09999999999999999,0.14999999999999997,1.1999999999999997,0.08333333333333333,0.4930985151918264,0.0,0.9605034722222222,0.9912760416666666,0.08333333333333333,0.4930985151918264,0.0,0.9605034722222222,0.9912760416666666,0.2280033835939209,0.22658878431169785,0.27190654117403745,0.27190654117403745,,0.9986979166666666
63,0.39999999999999997,0.19999999999999998,0.14999999999999997,0.09999999999999999,0.14999999999999997,1.1999999999999997,0.109375,0.46548361132249944,0.0,0.9409722222222222,0.9820903380473694,0.109375,0.46548361132249944,0.0,0.9409722222222222,0.9820903380473694,0.23094394448672215,0.22834383671494626,0.2740126040579355,0.2740126040579355,,1.0
64,0.39999999999999997,0.19999999999999998,0.14999999999999997,0.09999999999999999,0.14999999999999997,1.1999999999999997,0.1875,0.549685696869148,0.0,0.955078125,0.9973307291666668,0.1875,0.549685696869148,0.0,0.955078125,0.9973307291666668,0.2804449518738296,0.27997758287130436,0.3359730994455652,0.3359730994455652,,1.0
65,0.39999999999999997,0.19999999999999998,0.14999999999999997,0.09999999999999999,0.14999999999999997,1.1999999999999997,0.22395833333333334,0.5438545758401262,0.0,0.9791666666666666,0.9968447189922481,0.22395833333333334,0.5438545758401262,0.0,0.9791666666666666,0.9968447189922481,0.29627091516802534,0.2957421235278227,0.3548905482333871,0.3548905482333871,,1.0
66,0.39999999999999997,0.19999999999999998,0.14999999999999997,0.09999999999999999,0.14999999999999997,1.1999999999999997,0.22526041666666666,0.6682818628528006,0.0,0.9917534722222223,0.9687645579247142,0.22526041666666666,0.6682818628528006,0.0,0.9917534722222223,0.9687645579247142,0.322935886459449,0.3184616820636015,0.38215401847632174,0.38215401847632174,,1.0
67,0.39999999999999997,0.19999999999999998,0.14999999999999997,0.09999999999999999,0.14999999999999997,1.1999999999999997,0.14583333333333334,0.5003584378367204,0.0,0.9661458333333334,0.9721137152777778,0.14583333333333334,0.5003584378367204,0.0,0.9661458333333334,0.9721137152777778,0.25501960423401077,0.25086442446412377,0.3010373093569485,0.3010373093569485,,1.0
68,0.39999999999999997,0.19999999999999998,0.14999999999999997,0.09999999999999999,0.14999999999999997,1.1999999999999997,0.14192708333333334,0.5389985228369238,0.0,0.986545138888889,0.9527556410438032,0.14192708333333334,0.5389985228369238,0.0,0.986545138888889,0.9527556410438032,0.26322505178960703,0.25620330168555877,0.3074439620226705,0.3074439620226705,,0.9986979166666666
69,0.39999999999999997,0.19999999999999998,0.14999999999999997,0.09999999999999999,0.14999999999999997,1.1999999999999997,0.13151041666666666,0.5223240347066205,0.0,0.9466145833333334,0.9955419146825397,0.13151041666666666,0.5223240347066205,0.0,0.9466145833333334,0.9955419146825397,0.2517304319413241,0.2510301280404263,0.3012361536485115,0.3012361536485115,,1.0
70,0.39999999999999997,0.19999999999999998,0.14999999999999997,0.09999999999999999,0.14999999999999997,1.1999999999999997,0.14453125,0.5053088621895735,0.0,1.0,0.9917643229166666,0.14453125,0.5053088621895735,0.0,1.0,0.9917643229166666,0.2588742724379148,0.2577190113509737,0.3092628136211684,0.3092628136211684,,1.0
71,0.39999999999999997,0.19999999999999998,0.14999999999999997,0.09999999999999999,0.14999999999999997,1.1999999999999997,0.11328125,0.5271708164661987,0.0,1.0,0.9742569279678653,0.11328125,0.5271708164661987,0.0,1.0,0.9742569279678653,0.25074666329323975,0.24694784063952036,0.2963374087674244,0.2963374087674244,,1.0
72,0.39999999999999997,0.19999999999999998,0.14999999999999997,0.09999999999999999,0.14999999999999997,1.1999999999999997,0.14453125,0.5227948076802487,0.0,0.951388888888889,0.9926704155219781,0.14453125,0.5227948076802487,0.0,0.951388888888889,0.9926704155219781,0.25751035042493864,0.2565563510794268,0.30786762129531214,0.30786762129531214,,1.0
73,0.39999999999999997,0.19999999999999998,0.14999999999999997,0.09999999999999999,0.14999999999999997,1.1999999999999997,0.23177083333333334,0.5934939027069103,0.0,0.9683159722222222,0.9986979166666666,0.23177083333333334,0.5934939027069103,0.0,0.9683159722222222,0.9986979166666666,0.3082387110969376,0.3080699193102207,0.3696839031722648,0.3696839031722648,,1.0
74,0.39999999999999997,0.19999999999999998,0.14999999999999997,0.09999999999999999,0.14999999999999997,1.1999999999999997,0.20703125,0.5476748331127147,0.0,1.0,0.9657164558531747,0.20703125,0.5476748331127147,0.0,1.0,0.9657164558531747,0.29234746662254296,0.2877649307901111,0.34531791694813335,0.34531791694813335,,0.9986979166666666
75,0.39999999999999997,0.19999999999999998,0.14999999999999997,0.09999999999999999,0.14999999999999997,1.1999999999999997,0.23046875,0.6155197558952823,0.0,0.962890625,0.9939453125000001,0.23046875,0.6155197558952823,0.0,0.962890625,0.9939453125000001,0.3115805136790564,0.3103303434440349,0.3723964121328418,0.3723964121328418,,1.0
76,0.39999999999999997,0.19999999999999998,0.14999999999999997,0.09999999999999999,0.14999999999999997,1.1999999999999997,0.14583333333333334,0.5137519944640224,0.0,0.9375,1.0,0.14583333333333334,0.5137519944640224,0.0,0.9375,1.0,0.25483373222613787,0.25483373222613787,0.30580047867136534,0.30580047867136534,,1.0
77,0.39999999999999997,0.19999999999999998,0.14999999999999997,0.09999999999999999,0.14999999999999997,1.1999999999999997,0.14453125,0.5558265176092453,0.0,0.9583333333333334,0.9735119047619047,0.14453125,0.5558265176092453,0.0,0.9583333333333334,0.9735119047619047,0.2648111368551824,0.26048854252768644,0.31258625103322374,0.31258625103322374,,1.0
78,0.39999999999999997,0.19999999999999998,0.14999999999999997,0.09999999999999999,0.14999999999999997,1.1999999999999997,0.16666666666666666,0.6153317916814621,0.0,0.9654947916666666,0.9778033668486334,0.16666666666666666,0.6153317916814621,0.0,0.9654947916666666,0.9778033668486334,0.2862825041696258,0.283200037467976,0.3398400449615712,0.3398400449615712,,1.0
79,0.39999999999999997,0.19999999999999998,0.14999999999999997,0.09999999999999999,0.14999999999999997,1.1999999999999997,0.13411458333333334,0.5039318922139572,0.0,0.96875,0.9928385416666666,0.13411458333333334,0.5039318922139572,0.0,0.96875,0.9928385416666666,0.2513072117761248,0.2499907736774297,0.29998892841291563,0.29998892841291563,,1.0
80,0.39999999999999997,0.19999999999999998,0.14999999999999997,0.09999999999999999,0.14999999999999997,1.1999999999999997,0.22786458333333334,0.5330003490221036,0.0,1.0,0.9762772817460318,0.22786458333333334,0.5330003490221036,0.0,1.0,0.9762772817460318,0.2977459031377541,0.2942840137519261,0.35314081650231127,0.35314081650231127,,1.0
81,0.39999999999999997,0.19999999999999998,0.14999999999999997,0.09999999999999999,0.14999999999999997,1.1999999999999997,0.14583333333333334,0.5457818791418906,0.0,0.9583333333333334,0.9991536458333333,0.14583333333333334,0.5457818791418906,0.0,0.9583333333333334,0.9991536458333333,0.2633230424950448,0.26320116143884326,0.31584139372661185,0.31584139372661185,,1.0
82,0.39999999999999997,0.19999999999999998,0.14999999999999997,0.09999999999999999,0.14999999999999997,1.1999999999999997,0.16666666666666666,0.5738344377368366,0.0,0.91796875,0.9753487723214285,0.16666666666666666,0.5738344377368366,0.0,0.91796875,0.9753487723214285,0.273230429214034,0.27049957375386485,0.3245994885046378,0.3245994885046378,,1.0
83,0.39999999999999997,0.19999999999999998,0.14999999999999997,0.09999999999999999,0.14999999999999997,1.1999999999999997,0.16927083333333334,0.5462889103789604,0.0,0.9583333333333334,0.9955078125,0.16927083333333334,0.5462889103789604,0.0,0.9583333333333334,0.9955078125,0.2727994487424588,0.2721041257254458,0.326524950870535,0.326524950870535,,1.0
84,0.39999999999999997,0.19999999999999998,0.14999999999999997,0.09999999999999999,0.14999999999999997,1.1999999999999997,0.2734375,0.5902074098315929,0.0,0.9329427083333334,0.9769066220238095,0.2734375,0.5902074098315929,0.0,0.9329427083333334,0.9769066220238095,0.320710752799652,0.31766745422220816,0.38120094506664975,0.38120094506664975,,1.0
85,0.39999999999999997,0.19999999999999998,0.14999999999999997,0.09999999999999999,0.14999999999999997,1.1999999999999997,0.09114583333333333,0.4813575153067719,0.0,0.9466145833333334,0.9915423323934837,0.09114583333333333,0.4813575153067719,0.0,0.9466145833333334,0.9915423323934837,0.22739129472802108,0.22608685231233114,0.2713042227747973,0.2713042227747973,,1.0
86,0.39999999999999997,0.19999999999999998,0.14999999999999997,0.09999999999999999,0.14999999999999997,1.1999999999999997,0.21354166666666666,0.5323096585313719,0.0,0.9930555555555555,1.0,0.21354166666666666,0.5323096585313719,0.0,0.9930555555555555,1.0,0.2911841539284966,0.2911841539284966,0.34942098471419597,0.34942098471419597,,1.0
87,0.39999999999999997,0.19999999999999998,0.14999999999999997,0.09999999999999999,0.14999999999999997,1.1999999999999997,0.21223958333333334,0.5890502216355609,0.0,0.9622395833333334,0.9901413690476191,0.21223958333333334,0.5890502216355609,0.0,0.9622395833333334,0.9901413690476191,0.29892983599377887,0.2969243224314191,0.35630918691770286,0.35630918691770286,,1.0
88,0.39999999999999997,0.19999999999999998,0.14999999999999997,0.09999999999999999,0.14999999999999997,1.1999999999999997,0.18489583333333334,0.5737421658332361,0.0,0.9583333333333334,0.9833705357142857,0.18489583333333334,0.5737421658332361,0.0,0.9583333333333334,0.9833705357142857,0.2845400998333139,0.28150898834510263,0.3378107860141231,0.3378107860141231,,1.0
89,0.39999999999999997,0.19999999999999998,0.14999999999999997,0.09999999999999999,0.14999999999999997,1.1999999999999997,0.15364583333333334,0.5415365370938455,0.0,0.98828125,1.0,0.15364583333333334,0.5415365370938455,0.0,0.98828125,1.0,0.2685937657521025,0.2685937657521025,0.32231251890252294,0.32231251890252294,,1.0
90,0.39999999999999997,0.19999999999999998,0.14999999999999997,0.09999999999999999,0.14999999999999997,1.1999999999999997,0.20182291666666666,0.5689296695436629,0.0,0.9466145833333334,0.9957682291666666,0.20182291666666666,0.5689296695436629,0.0,0.9466145833333334,0.9957682291666666,0.28917655890873256,0.28861232279762145,0.3463347873571458,0.3463347873571458,,1.0
91,0.39999999999999997,0.19999999999999998,0.14999999999999997,0.09999999999999999,0.14999999999999997,1.1999999999999997,0.11458333333333333,0.5452080541288065,0.0,0.9841579861111112,1.0,0.11458333333333333,0.5452080541288065,0.0,0.9841579861111112,1.0,0.25329074277020575,0.25329074277020575,0.30394889132424685,0.30394889132424685,,1.0
92,0.39999999999999997,0.19999999999999998,0.14999999999999997,0.09999999999999999,0.14999999999999997,1.1999999999999997,0.20703125,0.5576251328141675,0.0,0.9652777777777777,1.0,0.20703125,0.5576251328141675,0.0,0.9652777777777777,1.0,0.2908653043406113,0.2908653043406113,0.3490383652087335,0.3490383652087335,,1.0
93,0.39999999999999997,0.19999999999999998,0.14999999999999997,0.09999999999999999,0.14999999999999997,1.1999999999999997,0.14192708333333334,0.5248289822547479,0.0,0.9930555555555555,0.9983258928571429,0.14192708333333334,0.5248289822547479,0.0,0.9930555555555555,0.9983258928571429,0.26104218533983853,0.2606939457150412,0.3128327348580494,0.3128327348580494,,1.0
94,0.39999999999999997,0.19999999999999998,0.14999999999999997,0.09999999999999999,0.14999999999999997,1.1999999999999997,0.1640625,0.583086492661034,0.0,0.945095486111111,0.9983850784632035,0.1640625,0.583086492661034,0.0,0.945095486111111,0.9983850784632035,0.27675184714331796,0.2765197698721012,0.3318237238465214,0.3318237238465214,,1.0
95,0.39999999999999997,0.19999999999999998,0.14999999999999997,0.09999999999999999,0.14999999999999997,1.1999999999999997,0.1953125,0.5933146870972277,0.0,1.0,1.0,0.1953125,0.5933146870972277,0.0,1.0,1.0,0.2967879374194456,0.2967879374194456,0.3561455249033347,0.3561455249033347,,1.0
96,0.39999999999999997,0.19999999999999998,0.14999999999999997,0.09999999999999999,0.14999999999999997,1.1999999999999997,0.21484375,0.5859853328840301,0.0,0.9986979166666666,0.9989508630611855,0.21484375,0.5859853328840301,0.0,0.9986979166666666,0.9989508630611855,0.3030043582434727,0.3027959862879059,0.36335518354548707,0.36335518354548707,,1.0
97,0.39999999999999997,0.19999999999999998,0.14999999999999997,0.09999999999999999,0.14999999999999997,1.1999999999999997,0.22786458333333334,0.5363849989011498,0.0,0.9791666666666666,0.9914806547619047,0.22786458333333334,0.5363849989011498,0.0,0.9791666666666666,0.9914806547619047,0.29633949978023,0.2951786065484258,0.35421432785811086,0.35421432785811086,,1.0
98,0.39999999999999997,0.19999999999999998,0.14999999999999997,0.09999999999999999,0.14999999999999997,1.1999999999999997,0.265625,0.6354918520051656,0.0,0.9713541666666666,1.0,0.265625,0.6354918520051656,0.0,0.9713541666666666,1.0,0.3304837870676998,0.3304837870676998,0.3965805444812398,0.3965805444812398,,1.0
99,0.39999999999999997,0.19999999999999998,0.14999999999999997,0.09999999999999999,0.14999999999999997,1.1999999999999997,0.1875,0.5964365911211233,0.0,0.9791666666666666,1.0,0.1875,0.5964365911211233,0.0,0.9791666666666666,1.0,0.29220398489089133,0.29220398489089133,0.3506447818690696,0.3506447818690696,,1.0
100,0.39999999999999997,0.19999999999999998,0.14999999999999997,0.09999999999999999,0.14999999999999997,1.1999999999999997,0.125,0.5160201391617177,0.0,0.9526909722222222,0.9947916666666666,0.125,0.5160201391617177,0.0,0.9526909722222222,0.9947916666666666,0.24847312505456576,0.2476050694990102,0.29712608339881225,0.29712608339881225,,1.0
101,0.39999999999999997,0.19999999999999998,0.14999999999999997,0.09999999999999999,0.14999999999999997,1.1999999999999997,0.17578125,0.5818428137546499,0.0,1.0,0.9993489583333334,0.17578125,0.5818428137546499,0.0,1.0,0.9993489583333334,0.28668106275093,0.28657300791875406,0.3438876095025049,0.3438876095025049,,1.0
102,0.39999999999999997,0.19999999999999998,0.14999999999999997,0.09999999999999999,0.14999999999999997,1.1999999999999997,0.21223958333333334,0.5759574825372481,0.0,0.99609375,0.9989304315476191,0.21223958333333334,0.5759574825372481,0.0,0.99609375,0.9989304315476191,0.299696704840783,0.29952766135533326,0.3594331936263999,0.3594331936263999,,1.0
103,0.39999999999999997,0.19999999999999998,0.14999999999999997,0.09999999999999999,0.14999999999999997,1.1999999999999997,0.18489583333333334,0.5880791364676298,0.0,0.9856770833333334,0.9981770833333333,0.18489583333333334,0.5880791364676298,0.0,0.9856770833333334,0.9981770833333333,0.2901418689601927,0.28986161102368474,0.34783393322842165,0.34783393322842165,,1.0
104,0.39999999999999997,0.19999999999999998,0.14999999999999997,0.09999999999999999,0.14999999999999997,1.1999999999999997,0.20833333333333334,0.5708816014746906,0.0,0.9583333333333334,0.9996744791666666,0.20833333333333334,0.5708816014746906,0.0,0.9583333333333334,0.9996744791666666,0.2933429869616048,0.2932860208157715,0.3519432249789258,0.3519432249789258,,1.0
105,0.39999999999999997,0.19999999999999998,0.14999999999999997,0.09999999999999999,0.14999999999999997,1.1999999999999997,0.08854166666666667,0.5542995262260446,0.0,0.9578993055555557,0.9950288318452382,0.08854166666666667,0.5542995262260446,0.0,0.9578993055555557,0.9950288318452382,0.24206650246743114,0.24136359542458677,0.28963631450950417,0.28963631450950417,,1.0
106,0.39999999999999997,0.19999999999999998,0.14999999999999997,0.09999999999999999,0.14999999999999997,1.1999999999999997,0.2708333333333333,0.579373843906141,0.0,0.9895833333333334,0.9994791666666667,0.2708333333333333,0.579373843906141,0.0,0.9895833333333334,0.9994791666666667,0.3231664354478949,0.32308657433678384,0.3877038892041405,0.3877038892041405,,1.0
107,0.39999999999999997,0.19999999999999998,0.14999999999999997,0.09999999999999999,0.14999999999999997,1.1999999999999997,0.14583333333333334,0.5053710232492539,0.0,0.9973958333333334,1.0,0.14583333333333334,0.5053710232492539,0.0,0.9973958333333334,1.0,0.25914712131651746,0.25914712131651746,0.31097654557982096,0.31097654557982096,,1.0
108,0.39999999999999997,0.19999999999999998,0.14999999999999997,0.09999999999999999,0.14999999999999997,1.1999999999999997,0.22916666666666666,0.5450362731218684,0.0,1.0,0.9983165922619047,0.22916666666666666,0.5450362731218684,0.0,1.0,0.9983165922619047,0.30067392129104037,0.30045478740924114,0.36054574489108937,0.36054574489108937,,1.0
109,0.39999999999999997,0.19999999999999998,0.14999999999999997,0.09999999999999999,0.14999999999999997,1.1999999999999997,0.26953125,0.6431529866577618,0.0,0.9340277777777778,0.9879789806547619,0.26953125,0.6431529866577618,0.0,0.9340277777777778,0.9879789806547619,0.3298458751093301,0.3274912425386853,0.3929894910464224,0.3929894910464224,,1.0
110,0.39999999999999997,0.19999999999999998,0.14999999999999997,0.09999999999999999,0.14999999999999997,1.1999999999999997,0.20833333333333334,0.608434501986895,0.0,0.9383680555555555,0.9998139880952381,0.20833333333333334,0.608434501986895,0.0,0.9383680555555555,0.9998139880952381,0.29885703928626794,0.2988319113622913,0.35859829363474954,0.35859829363474954,,1.0
111,0.39999999999999997,0.19999999999999998,0.14999999999999997,0.09999999999999999,0.14999999999999997,1.1999999999999997,0.15364583333333334,0.5613375270446249,0.0,0.9296875,0.9975198412698413,0.15364583333333334,0.5613375270446249,0.0,0.9296875,0.9975198412698413,0.2666945887422583,0.2662940457466066,0.31955285489592794,0.31955285489592794,,1.0
112,0.39999999999999997,0.19999999999999998,0.14999999999999997,0.09999999999999999,0.14999999999999997,1.1999999999999997,0.3138020833333333,0.6876390241646545,0.0,0.9583333333333334,0.9904605620223886,0.3138020833333333,0.6876390241646545,0.0,0.9583333333333334,0.9904605620223886,0.3588819714995976,0.3583661902335728,0.4300394282802873,0.4300394282802873,,1.0
113,0.39999999999999997,0.19999999999999998,0.14999999999999997,0.09999999999999999,0.14999999999999997,1.1999999999999997,0.15364583333333334,0.5721072462135726,0.0,0.9166666666666666,0.9984654017857143,0.15364583333333334,0.5721072462135726,0.0,0.9166666666666666,0.9984654017857143,0.2675464492427146,0.26737736205749835,0.320852834468998,0.320852834468998,,1.0
114,0.39999999999999997,0.19999999999999998,0.14999999999999997,0.09999999999999999,0.14999999999999997,1.1999999999999997,0.17578125,0.587121572208499,0.0,0.9791666666666666,0.9769996279761903,0.17578125,0.587121572208499,0.0,0.9791666666666666,0.9769996279761903,0.2856534811083665,0.28265425408276884,0.33918510489932263,0.33918510489932263,,1.0
115,0.39999999999999997,0.19999999999999998,0.14999999999999997,0.09999999999999999,0.14999999999999997,1.1999999999999997,0.22916666666666666,0.6081476744674412,0.0,1.0,0.9948970734126984,0.22916666666666666,0.6081476744674412,0.0,1.0,0.9948970734126984,0.313296201560155,0.3123492940800182,0.3748191528960218,0.3748191528960218,,1.0
116,0.39999999999999997,0.19999999999999998,0.14999999999999997,0.09999999999999999,0.14999999999999997,1.1999999999999997,0.3372395833333333,0.6885292881932777,0.0,0.9583333333333334,1.0,0.3372395833333333,0.6885292881932777,0.0,0.9583333333333334,1.0,0.36843502430532227,0.36843502430532227,0.4421220291663867,0.4421220291663867,,1.0
117,0.39999999999999997,0.19999999999999998,0.14999999999999997,0.09999999999999999,0.14999999999999997,1.1999999999999997,0.18619791666666666,0.6110545394181625,0.0,0.947048611111111,1.0,0.18619791666666666,0.6110545394181625,0.0,0.947048611111111,1.0,0.29139493566141034,0.29139493566141034,0.3496739227936924,0.3496739227936924,,1.0
118,0.39999999999999997,0.19999999999999998,0.14999999999999997,0.09999999999999999,0.14999999999999997,1.1999999999999997,0.1875,0.5639768075275016,0.0,0.9830729166666666,0.9995659722222222,0.1875,0.5639768075275016,0.0,0.9830729166666666,0.9995659722222222,0.28610265317216704,0.28603921834310725,0.34324706201172867,0.34324706201172867,,1.0
119,0.39999999999999997,0.19999999999999998,0.14999999999999997,0.09999999999999999,0.14999999999999997,1.1999999999999997,0.20833333333333334,0.6156337242178521,0.0,1.0,1.0,0.20833333333333334,0.6156337242178521,0.0,1.0,1.0,0.30646007817690374,0.30646007817690374,0.36775209381228446,0.36775209381228446,,1.0
120,0.39999999999999997,0.19999999999999998,0.14999999999999997,0.09999999999999999,0.14999999999999997,1.1999999999999997,0.16145833333333334,0.5587082871979456,0.0,0.9583333333333334,0.9986640963203465,0.16145833333333334,0.5587082871979456,0.0,0.9583333333333334,0.9986640963203465,0.2721583241062558,0.27192018266199486,0.32630421919439373,0.32630421919439373,,1.0
121,0.39999999999999997,0.19999999999999998,0.14999999999999997,0.09999999999999999,0.14999999999999997,1.1999999999999997,0.12630208333333334,0.5847047195789382,0.0,0.9583333333333334,0.9916666666666667,0.12630208333333334,0.5847047195789382,0.0,0.9583333333333334,0.9916666666666667,0.2632951105824543,0.2620500646559016,0.31446007758708183,0.31446007758708183,,0.9947916666666666
122,0.39999999999999997,0.19999999999999998,0.14999999999999997,0.09999999999999999,0.14999999999999997,1.1999999999999997,0.21354166666666666,0.6235161652086505,0.0,0.9683159722222222,0.9989741161616162,0.21354166666666666,0.6235161652086505,0.0,0.9683159722222222,0.9989741161616162,0.306951496930619,0.30681435178969363,0.3681772221476323,0.3681772221476323,,1.0
123,0.39999999999999997,0.19999999999999998,0.14999999999999997,0.09999999999999999,0.14999999999999997,1.1999999999999997,0.20833333333333334,0.6373622657098644,0.0,0.9375,0.9993489583333334,0.20833333333333334,0.6373622657098644,0.0,0.9375,0.9993489583333334,0.3045557864753063,0.3044512136553499,0.36534145638641985,0.36534145638641985,,1.0
124,0.39999999999999997,0.19999999999999998,0.14999999999999997,0.09999999999999999,0.14999999999999997,1.1999999999999997,0.1875,0.6077649582640094,0.0,0.9791666666666666,0.9968750000000001,0.1875,0.6077649582640094,0.0,0.9791666666666666,0.9968750000000001,0.2944696583194686,0.29403062884227166,0.352836754610726,0.352836754610726,,1.0
125,0.39999999999999997,0.19999999999999998,0.14999999999999997,0.09999999999999999,0.14999999999999997,1.1999999999999997,0.25,0.6141257421072887,0.0,0.9791666666666666,0.9996744791666666,0.25,0.6141257421072887,0.0,0.9791666666666666,0.9996744791666666,0.32074181508812444,0.3206862850636147,0.3848235420763375,0.3848235420763375,,1.0
126,0.39999999999999997,0.19999999999999998,0.14999999999999997,0.09999999999999999,0.14999999999999997,1.1999999999999997,0.15104166666666666,0.569346130272875,0.0,0.9659288194444445,0.9766741071428572,0.15104166666666666,0.569346130272875,0.0,0.9659288194444445,0.9766741071428572,0.27087877466568616,0.26683767904255923,0.32020521485107106,0.32020521485107106,,1.0
127,0.39999999999999997,0.19999999999999998,0.14999999999999997,0.09999999999999999,0.14999999999999997,1.1999999999999997,0.08333333333333333,0.5413488610750529,0.0,0.88671875,0.9909226190476191,0.08333333333333333,0.5413488610750529,0.0,0.88671875,0.9909226190476191,0.23027498054834394,0.2296687453638966,0.2756024944366759,0.2756024944366759,,1.0
128,0.39999999999999997,0.19999999999999998,0.14999999999999997,0.09999999999999999,0.14999999999999997,1.1999999999999997,0.18880208333333334,0.5628214030249746,0.0,0.9635416666666666,0.9850379926063519,0.18880208333333334,0.5628214030249746,0.0,0.9635416666666666,0.9850379926063519,0.28443928060499496,0.2825501528574305,0.3390601834289166,0.3390601834289166,,1.0
129,0.39999999999999997,0.19999999999999998,0.14999999999999997,0.09999999999999999,0.14999999999999997,1.1999999999999997,0.20833333333333334,0.6593485480675886,0.0,0.9229600694444445,0.9865806999883286,0.20833333333333334,0.6593485480675886,0.0,0.9229600694444445,0.9865806999883286,0.3074990498912955,0.3051540823179127,0.36618489878149524,0.36618489878149524,,1.0
130,0.39999999999999997,0.19999999999999998,0.14999999999999997,0.09999999999999999,0.14999999999999997,1.1999999999999997,0.22135416666666666,0.6563115486702727,0.0,0.9774305555555555,0.9996744791666666,0.22135416666666666,0.6563115486702727,0.0,0.9774305555555555,0.9996744791666666,0.31754703195627676,0.3175092715396101,0.3810111258475321,0.3810111258475321,,1.0
131,0.39999999999999997,0.19999999999999998,0.14999999999999997,0.09999999999999999,0.14999999999999997,1.1999999999999997,0.25,0.5643041647168936,0.0,0.9388020833333334,0.9831473214285715,0.25,0.5643041647168936,0.0,0.9388020833333334,0.9831473214285715,0.30674104127671215,0.30426885457930986,0.3651226254951718,0.3651226254951718,,1.0
132,0.39999999999999997,0.19999999999999998,0.14999999999999997,0.09999999999999999,0.14999999999999997,1.1999999999999997,0.2513020833333333,0.6413780451208132,0.0,1.0,0.996014835858586,0.2513020833333333,0.6413780451208132,0.0,1.0,0.996014835858586,0.328796442357496,0.32806184584411663,0.3936742150129399,0.3936742150129399,,1.0
133,0.39999999999999997,0.19999999999999998,0.14999999999999997,0.09999999999999999,0.14999999999999997,1.1999999999999997,0.125,0.6251875448006616,0.0,0.9576822916666666,0.9978546626984127,0.125,0.6251875448006616,0.0,0.9576822916666666,0.9978546626984127,0.27080573812679903,0.2706156271864022,0.3247387526236826,0.3247387526236826,,1.0
134,0.39999999999999997,0.19999999999999998,0.14999999999999997,0.09999999999999999,0.14999999999999997,1.1999999999999997,0.22526041666666666,0.5971718469515639,0.0,0.95703125,0.9989583333333334,0.22526041666666666,0.5971718469515639,0.0,0.95703125,0.9989583333333334,0.3052416610569795,0.30506499744281584,0.366077996931379,0.366077996931379,,1.0
135,0.39999999999999997,0.19999999999999998,0.14999999999999997,0.09999999999999999,0.14999999999999997,1.1999999999999997,0.2955729166666667,0.6632994988950861,0.0,0.9889322916666666,0.9843191964285715,0.2955729166666667,0.6632994988950861,0.0,0.9889322916666666,0.9843191964285715,0.3497822956123506,0.3474980324370513,0.4169976389244614,0.4169976389244614,,1.0
136,0.39999999999999997,0.19999999999999998,0.14999999999999997,0.09999999999999999,0.14999999999999997,1.1999999999999997,0.14713541666666666,0.5821676182123083,0.0,0.9476996527777777,0.976371837797619,0.14713541666666666,0.5821676182123083,0.0,0.9476996527777777,0.976371837797619,0.27005765558690614,0.2669525448986121,0.32034305387833445,0.32034305387833445,,1.0
137,0.39999999999999997,0.19999999999999998,0.14999999999999997,0.09999999999999999,0.14999999999999997,1.1999999999999997,0.16666666666666666,0.5817531745784085,0.0,0.9791666666666666,0.9996744791666666,0.16666666666666666,0.5817531745784085,0.0,0.9791666666666666,0.9996744791666666,0.280933968249015,0.2808797147767928,0.33705565773215146,0.33705565773215146,,1.0
138,0.39999999999999997,0.19999999999999998,0.14999999999999997,0.09999999999999999,0.14999999999999997,1.1999999999999997,0.12760416666666666,0.5445594495523643,0.0,1.0,0.9944661458333334,0.12760416666666666,0.5445594495523643,0.0,1.0,0.9944661458333334,0.2599535565771396,0.25871359218105505,0.310456310617266,0.310456310617266,,1.0
139,0.39999999999999997,0.19999999999999998,0.14999999999999997,0.09999999999999999,0.14999999999999997,1.1999999999999997,0.18359375,0.5927999729934398,0.0,0.9444444444444443,0.9996744791666666,0.18359375,0.5927999729934398,0.0,0.9444444444444443,0.9996744791666666,0.2864419390431324,0.28638904190771575,0.34366685028925886,0.34366685028925886,,1.0
140,0.39999999999999997,0.19999999999999998,0.14999999999999997,0.09999999999999999,0.14999999999999997,1.1999999999999997,0.20963541666666666,0.6484701128379259,0.0,0.9479166666666666,0.9884114583333333,0.20963541666666666,0.6484701128379259,0.0,0.9479166666666666,0.9884114583333333,0.30833985590091856,0.3060377462628714,0.36724529551544566,0.36724529551544566,,1.0
141,0.39999999999999997,0.19999999999999998,0.14999999999999997,0.09999999999999999,0.14999999999999997,1.1999999999999997,0.10416666666666667,0.535733031302386,0.0,0.9934895833333334,0.9814375620039683,0.10416666666666667,0.535733031302386,0.0,0.9934895833333334,0.9814375620039683,0.24816223126047723,0.2460863950023449,0.2953036740028139,0.2953036740028139,,1.0
142,0.39999999999999997,0.19999999999999998,0.14999999999999997,0.09999999999999999,0.14999999999999997,1.1999999999999997,0.2682291666666667,0.619590406143423,0.0,0.9361979166666666,0.9999534970238096,0.2682291666666667,0.619590406143423,0.0,0.9361979166666666,0.9999534970238096,0.324829539562018,0.32481959437107033,0.3897835132452843,0.3897835132452843,,1.0
143,0.39999999999999997,0.19999999999999998,0.14999999999999997,0.09999999999999999,0.14999999999999997,1.1999999999999997,0.16666666666666666,0.6178188508986663,0.0,0.98046875,0.9895926339285714,0.16666666666666666,0.6178188508986663,0.0,0.98046875,0.9895926339285714,0.28827731184639993,0.28682966654775016,0.34419559985730014,0.34419559985730014,,1.0
144,0.39999999999999997,0.19999999999999998,0.14999999999999997,0.09999999999999999,0.14999999999999997,1.1999999999999997,0.10546875,0.5737041031156128,0.0,0.9270833333333334,0.9958984375000001,0.10546875,0.5737041031156128,0.0,0.9270833333333334,0.9958984375000001,0.24963665395645593,0.24911566581011,0.29893879897213194,0.29893879897213194,,1.0
145,0.39999999999999997,0.19999999999999998,0.14999999999999997,0.09999999999999999,0.14999999999999997,1.1999999999999997,0.15885416666666666,0.5539677355136917,0.0,0.9383680555555557,1.0,0.15885416666666666,0.5539677355136917,0.0,0.9383680555555557,1.0,0.2681720193249606,0.2681720193249606,0.3218064231899527,0.3218064231899527,,1.0
146,0.39999999999999997,0.19999999999999998,0.14999999999999997,0.09999999999999999,0.14999999999999997,1.1999999999999997,0.21614583333333334,0.591227825460194,0.0,0.9583333333333334,0.990625,0.21614583333333334,0.591227825460194,0.0,0.9583333333333334,0.990625,0.3005372317587055,0.29914991401109364,0.35897989681331227,0.35897989681331227,,1.0
147,0.39999999999999997,0.19999999999999998,0.14999999999999997,0.09999999999999999,0.14999999999999997,1.1999999999999997,0.22395833333333334,0.6550200999457193,0.0,0.9722222222222222,0.9972656249999999,0.22395833333333334,0.6550200999457193,0.0,0.9722222222222222,0.9972656249999999,0.31780957554469946,0.3173345059062232,0.38080140708746785,0.38080140708746785,,1.0
148,0.39999999999999997,0.19999999999999998,0.14999999999999997,0.09999999999999999,0.14999999999999997,1.1999999999999997,0.18229166666666666,0.5694225104449916,0.0,0.9791666666666666,0.9977213541666666,0.18229166666666666,0.5694225104449916,0.0,0.9791666666666666,0.9977213541666666,0.2847178354223317,0.28432686776882293,0.34119224132258746,0.34119224132258746,,1.0
149,0.39999999999999997,0.19999999999999998,0.14999999999999997,0.09999999999999999,0.14999999999999997,1.1999999999999997,0.25,0.6344041514793967,0.0,0.9813368055555555,0.9963634672619048,0.25,0.6344041514793967,0.0,0.9813368055555555,0.9963634672619048,0.3250145108514349,0.32440123507728447,0.3892814820927413,0.3892814820927413,,1.0
150,0.39999999999999997,0.19999999999999998,0.14999999999999997,0.09999999999999999,0.14999999999999997,1.1999999999999997,0.19270833333333334,0.5700067667204607,0.0,0.9164496527777778,0.9951171875,0.19270833333333334,0.5700067667204607,0.0,0.9164496527777778,0.9951171875,0.28272965195520333,0.28187351235496666,0.33824821482595996,0.33824821482595996,,1.0
151,0.39999999999999997,0.19999999999999998,0.14999999999999997,0.09999999999999999,0.14999999999999997,1.1999999999999997,0.20833333333333334,0.5589250443407355,0.0,0.9622395833333334,1.0,0.20833333333333334,0.5589250443407355,0.0,0.9622395833333334,1.0,0.2913423005348138,0.2913423005348138,0.3496107606417766,0.3496107606417766,,1.0
152,0.39999999999999997,0.19999999999999998,0.14999999999999997,0.09999999999999999,0.14999999999999997,1.1999999999999997,0.22916666666666666,0.6100811876010619,0.0,0.9791666666666666,1.0,0.22916666666666666,0.6100811876010619,0.0,0.9791666666666666,1.0,0.3115995708535457,0.3115995708535457,0.37391948502425487,0.37391948502425487,,1.0
153,0.39999999999999997,0.19999999999999998,0.14999999999999997,0.09999999999999999,0.14999999999999997,1.1999999999999997,0.20833333333333334,0.5903206163261396,0.0,0.9713541666666666,1.0,0.20833333333333334,0.5903206163261396,0.0,0.9713541666666666,1.0,0.298532873265228,0.298532873265228,0.35823944791827356,0.35823944791827356,,1.0
154,0.39999999999999997,0.19999999999999998,0.14999999999999997,0.09999999999999999,0.14999999999999997,1.1999999999999997,0.20963541666666666,0.6625711275755494,0.0,0.9479166666666666,1.0,0.20963541666666666,0.6625711275755494,0.0,0.9479166666666666,1.0,0.3111600588484433,0.3111600588484433,0.3733920706181319,0.3733920706181319,,1.0
155,0.39999999999999997,0.19999999999999998,0.14999999999999997,0.09999999999999999,0.14999999999999997,1.1999999999999997,0.234375,0.636585135983654,0.0,0.9375,0.9982855902777779,0.234375,0.636585135983654,0.0,0.9375,0.9982855902777779,0.3148170271967308,0.31454153646768107,0.37744984376121726,0.37744984376121726,,1.0
156,0.39999999999999997,0.19999999999999998,0.14999999999999997,0.09999999999999999,0.14999999999999997,1.1999999999999997,0.15755208333333334,0.583112441721369,0.0,1.0,0.9942131869195047,0.15755208333333334,0.583112441721369,0.0,1.0,0.9942131869195047,0.27964332167760714,0.27862717077091015,0.33435260492509217,0.33435260492509217,,1.0
157,0.39999999999999997,0.19999999999999998,0.14999999999999997,0.09999999999999999,0.14999999999999997,1.1999999999999997,0.20833333333333334,0.5920903731778839,0.0,0.9791666666666666,0.9994791666666667,0.20833333333333334,0.5920903731778839,0.0,0.9791666666666666,0.9994791666666667,0.2996680746355768,0.2996017867567889,0.3595221441081467,0.3595221441081467,,1.0
158,0.39999999999999997,0.19999999999999998,0.14999999999999997,0.09999999999999999,0.14999999999999997,1.1999999999999997,0.15885416666666666,0.5494618423700093,0.0,0.9778645833333334,0.9944010416666668,0.15885416666666666,0.5494618423700093,0.0,0.9778645833333334,0.9944010416666668,0.2712204934740019,0.27032809635572164,0.3243937156268659,0.3243937156268659,,1.0
159,0.39999999999999997,0.19999999999999998,0.14999999999999997,0.09999999999999999,0.14999999999999997,1.1999999999999997,0.18359375,0.6089206496796306,0.0,0.9479166666666666,0.9762090773809525,0.18359375,0.6089206496796306,0.0,0.9479166666666666,0.9762090773809525,0.29001329660259284,0.2851461739880082,0.34217540878560976,0.34217540878560976,,1.0
160,0.39999999999999997,0.19999999999999998,0.14999999999999997,0.09999999999999999,0.14999999999999997,1.1999999999999997,0.1875,0.5885792132266288,0.0,0.9674479166666666,0.9869791666666666,0.1875,0.5885792132266288,0.0,0.9674479166666666,0.9869791666666666,0.2894606343119925,0.28700114357125167,0.3444013722855021,0.3444013722855021,,1.0
161,0.39999999999999997,0.19999999999999998,0.14999999999999997,0.09999999999999999,0.14999999999999997,1.1999999999999997,0.23046875,0.6220977976304651,0.0,0.9596354166666666,0.9974609375,0.23046875,0.6220977976304651,0.0,0.9596354166666666,0.9974609375,0.31257060119275976,0.3124902716072218,0.3749883259286662,0.3749883259286662,,1.0
162,0.39999999999999997,0.19999999999999998,0.14999999999999997,0.09999999999999999,0.14999999999999997,1.1999999999999997,0.22916666666666666,0.6061838549970467,0.0,0.9765625,0.9999186197916666,0.22916666666666666,0.6061838549970467,0.0,0.9765625,0.9999186197916666,0.31055968766607606,0.31054920052582696,0.37265904063099226,0.37265904063099226,,1.0
163,0.39999999999999997,0.19999999999999998,0.14999999999999997,0.09999999999999999,0.14999999999999997,1.1999999999999997,0.2591145833333333,0.6803132616404804,0.0,1.0,1.0,0.2591145833333333,0.6803132616404804,0.0,1.0,1.0,0.33970848566142947,0.33970848566142947,0.40765018279371534,0.40765018279371534,,1.0
164,0.39999999999999997,0.19999999999999998,0.14999999999999997,0.09999999999999999,0.14999999999999997,1.1999999999999997,0.2825520833333333,0.6303261286431505,0.0,0.9895833333333334,0.9976331773695054,0.2825520833333333,0.6303261286431505,0.0,0.9895833333333334,0.9976331773695054,0.33804439239529677,0.33770898491214085,0.40525078189456903,0.40525078189456903,,1.0
165,0.39999999999999997,0.19999999999999998,0.14999999999999997,0.09999999999999999,0.14999999999999997,1.1999999999999997,0.16666666666666666,0.6040571079947615,0.0,0.954861111111111,0.9998139880952381,0.16666666666666666,0.6040571079947615,0.0,0.954861111111111,0.9998139880952381,0.2829641993767301,0.282930717233873,0.3395168606806475,0.3395168606806475,,1.0
166,0.39999999999999997,0.19999999999999998,0.14999999999999997,0.09999999999999999,0.14999999999999997,1.1999999999999997,0.18489583333333334,0.5629565160658465,0.0,0.947265625,0.9838420477092352,0.18489583333333334,0.5629565160658465,0.0,0.947265625,0.9838420477092352,0.2812761990465027,0.27889482834319385,0.3346737940118325,0.3346737940118325,,1.0
167,0.39999999999999997,0.19999999999999998,0.14999999999999997,0.09999999999999999,0.14999999999999997,1.1999999999999997,0.20833333333333334,0.6290698440110108,0.0,0.9249131944444443,0.9868740417568542,0.20833333333333334,0.6290698440110108,0.0,0.9249131944444443,0.9868740417568542,0.30163862157997995,0.3000074427079025,0.360008931249483,0.360008931249483,,1.0
168,0.39999999999999997,0.19999999999999998,0.14999999999999997,0.09999999999999999,0.14999999999999997,1.1999999999999997,0.2942708333333333,0.6874313448760118,0.0,0.9800347222222222,1.0,0.2942708333333333,0.6874313448760118,0.0,0.9800347222222222,1.0,0.3531980745307579,0.3531980745307579,0.4238376894369095,0.4238376894369095,,1.0
169,0.39999999999999997,0.19999999999999998,0.14999999999999997,0.09999999999999999,0.14999999999999997,1.1999999999999997,0.23177083333333334,0.6133417395255644,0.0,0.9791666666666666,1.0,0.23177083333333334,0.6133417395255644,0.0,0.9791666666666666,1.0,0.31329334790511293,0.31329334790511293,0.3759520174861355,0.3759520174861355,,1.0
170,0.39999999999999997,0.19999999999999998,0.14999999999999997,0.09999999999999999,0.14999999999999997,1.1999999999999997,0.3125,0.6644672326645312,0.0,0.9290364583333334,0.9845052083333333,0.3125,0.6644672326645312,0.0,0.9290364583333334,0.9845052083333333,0.35079709236623957,0.34819240731529916,0.417830888778359,0.417830888778359,,1.0
171,0.39999999999999997,0.19999999999999998,0.14999999999999997,0.09999999999999999,0.14999999999999997,1.1999999999999997,0.22526041666666666,0.6025954570213223,0.0,0.9375,0.9984611742424242,0.22526041666666666,0.6025954570213223,0.0,0.9375,0.9984611742424242,0.30437325807093113,0.304112537888336,0.36493504546600314,0.36493504546600314,,1.0
172,0.39999999999999997,0.19999999999999998,0.14999999999999997,0.09999999999999999,0.14999999999999997,1.1999999999999997,0.14192708333333334,0.5818475340877494,0.0,0.9791666666666666,1.0,0.14192708333333334,0.5818475340877494,0.0,0.9791666666666666,1.0,0.2710570068175499,0.2710570068175499,0.3252684081810599,0.3252684081810599,,1.0
173,0.39999999999999997,0.19999999999999998,0.14999999999999997,0.09999999999999999,0.14999999999999997,1.1999999999999997,0.21614583333333334,0.639476682872172,0.0,0.9375,0.9919921875000001,0.21614583333333334,0.639476682872172,0.0,0.9375,0.9919921875000001,0.3081036699077678,0.3063443964645942,0.367613275757513,0.367613275757513,,1.0
174,0.39999999999999997,0.19999999999999998,0.14999999999999997,0.09999999999999999,0.14999999999999997,1.1999999999999997,0.1875,0.6382529909520037,0.0,0.9166666666666666,0.9973958333333334,0.1875,0.6382529909520037,0.0,0.9166666666666666,0.9973958333333334,0.2943172648570675,0.2939874037459564,0.35278488449514755,0.35278488449514755,,1.0
175,0.39999999999999997,0.19999999999999998,0.14999999999999997,0.09999999999999999,0.14999999999999997,1.1999999999999997,0.140625,0.5719248442751906,0.0,0.9791666666666666,0.9970703125,0.140625,0.5719248442751906,0.0,0.9791666666666666,0.9970703125,0.2685516355217048,0.2678112235898866,0.32137346830786395,0.32137346830786395,,1.0
176,0.39999999999999997,0.19999999999999998,0.14999999999999997,0.09999999999999999,0.14999999999999997,1.1999999999999997,0.13151041666666666,0.5738603494549399,0.0,0.9418402777777777,0.9954520089285714,0.13151041666666666,0.5738603494549399,0.0,0.9418402777777777,0.9954520089285714,0.26156026433543245,0.2607728794287181,0.31292745531446164,0.31292745531446164,,1.0
177,0.39999999999999997,0.19999999999999998,0.14999999999999997,0.09999999999999999,0.14999999999999997,1.1999999999999997,0.14583333333333334,0.5769851548942077,0.0,0.9852430555555555,0.9725911458333334,0.14583333333333334,0.5769851548942077,0.0,0.9852430555555555,0.9725911458333334,0.27225466986773045,0.26873491334813315,0.3224818960177598,0.3224818960177598,,1.0
178,0.39999999999999997,0.19999999999999998,0.14999999999999997,0.09999999999999999,0.14999999999999997,1.1999999999999997,0.125,0.5888968526336626,0.0,0.9756944444444445,0.9815011160714286,0.125,0.5888968526336626,0.0,0.9756944444444445,0.9815011160714286,0.26534881497117696,0.26260775770809947,0.3151293092497193,0.3151293092497193,,1.0
179,0.39999999999999997,0.19999999999999998,0.14999999999999997,0.09999999999999999,0.14999999999999997,1.1999999999999997,0.1875,0.5967272259773451,0.0,1.0,0.989834449404762,0.1875,0.5967272259773451,0.0,1.0,0.989834449404762,0.294345445195469,0.2929697515034916,0.35156370180418994,0.35156370180418994,,1.0
180,0.39999999999999997,0.19999999999999998,0.14999999999999997,0.09999999999999999,0.14999999999999997,1.1999999999999997,0.16666666666666666,0.5883243836761373,0.0,0.9791666666666666,0.9840280596139972,0.16666666666666666,0.5883243836761373,0.0,0.9791666666666666,0.9840280596139972,0.28224821006856077,0.2804622919384039,0.3365547503260846,0.3365547503260846,,1.0
181,0.39999999999999997,0.19999999999999998,0.14999999999999997,0.09999999999999999,0.14999999999999997,1.1999999999999997,0.1875,0.6438559316395925,0.0,0.9791666666666666,0.9996744791666666,0.1875,0.6438559316395925,0.0,0.9791666666666666,0.9996744791666666,0.30168785299458517,0.3016417375431963,0.36197008505183553,0.36197008505183553,,1.0
182,0.39999999999999997,0.19999999999999998,0.14999999999999997,0.09999999999999999,0.14999999999999997,1.1999999999999997,0.14583333333333334,0.625757361498431,0.0,1.0,0.998611111111111,0.14583333333333334,0.625757361498431,0.0,1.0,0.998611111111111,0.28348480563301953,0.2832387437592228,0.3398864925110674,0.3398864925110674,,1.0
183,0.39999999999999997,0.19999999999999998,0.14999999999999997,0.09999999999999999,0.14999999999999997,1.1999999999999997,0.20572916666666666,0.6427973931018882,0.0,0.9817708333333334,0.9988374255952381,0.20572916666666666,0.6427973931018882,0.0,0.9817708333333334,0.9988374255952381,0.30902822862037765,0.30885126055024825,0.3706215126602979,0.3706215126602979,,1.0
184,0.39999999999999997,0.19999999999999998,0.14999999999999997,0.09999999999999999,0.14999999999999997,1.1999999999999997,0.2682291666666667,0.6351319752566689,0.0,0.986111111111111,0.9944010416666668,0.2682291666666667,0.6351319752566689,0.0,0.986111111111111,0.9944010416666668,0.33292917282911155,0.3320319972619547,0.3984383967143456,0.3984383967143456,,1.0
185,0.39999999999999997,0.19999999999999998,0.14999999999999997,0.09999999999999999,0.14999999999999997,1.1999999999999997,0.3059895833333333,0.6989579763012935,0.0,1.0,0.9985026041666667,0.3059895833333333,0.6989579763012935,0.0,1.0,0.9985026041666667,0.36218742859359204,0.36197406448374364,0.4343688773804923,0.4343688773804923,,1.0
186,0.39999999999999997,0.19999999999999998,0.14999999999999997,0.09999999999999999,0.14999999999999997,1.1999999999999997,0.2838541666666667,0.6679315869926529,0.0,1.0,0.9934895833333334,0.2838541666666667,0.6679315869926529,0.0,1.0,0.9934895833333334,0.3471279840651973,0.34605493449883085,0.41526592139859697,0.41526592139859697,,1.0
187,0.39999999999999997,0.19999999999999998,0.14999999999999997,0.09999999999999999,0.14999999999999997,1.1999999999999997,0.2916666666666667,0.6384595864682695,0.0,1.0,0.982129751758658,0.2916666666666667,0.6384595864682695,0.0,1.0,0.982129751758658,0.34435858396032065,0.34205791398703483,0.4104694967844417,0.4104694967844417,,1.0
188,0.39999999999999997,0.19999999999999998,0.14999999999999997,0.09999999999999999,0.14999999999999997,1.1999999999999997,0.2109375,0.639919202221153,0.0,0.9344618055555555,0.9976283482142857,0.2109375,0.639919202221153,0.0,0.9344618055555555,0.9976283482142857,0.3058050209997862,0.30545190176082926,0.3665422821129951,0.3665422821129951,,1.0
189,0.39999999999999997,0.19999999999999998,0.14999999999999997,0.09999999999999999,0.14999999999999997,1.1999999999999997,0.20182291666666666,0.6150291367209649,0.0,0.9973958333333334,0.9918660376082252,0.20182291666666666,0.6150291367209649,0.0,0.9973958333333334,0.9918660376082252,0.30347457734419303,0.30193235802347806,0.3623188296281737,0.3623188296281737,,1.0
190,0.39999999999999997,0.19999999999999998,0.14999999999999997,0.09999999999999999,0.14999999999999997,1.1999999999999997,0.21484375,0.648953719322956,0.0,0.9420572916666666,0.9853841145833334,0.21484375,0.648953719322956,0.0,0.9420572916666666,0.9853841145833334,0.3099339730312579,0.30778519540342225,0.36934223448410664,0.36934223448410664,,1.0
191,0.39999999999999997,0.19999999999999998,0.14999999999999997,0.09999999999999999,0.14999999999999997,1.1999999999999997,0.20833333333333334,0.6011365698325281,0.0,0.9652777777777777,0.9973958333333334,0.20833333333333334,0.6011365698325281,0.0,0.9652777777777777,0.9973958333333334,0.3000884250776168,0.29975333406657473,0.3597040008798896,0.3597040008798896,,1.0
192,0.39999999999999997,0.19999999999999998,0.14999999999999997,0.09999999999999999,0.14999999999999997,1.1999999999999997,0.3216145833333333,0.6349968136870642,0.0,0.99609375,0.9741432178932179,0.3216145833333333,0.6349968136870642,0.0,0.99609375,0.9741432178932179,0.3552545710707462,0.35161524351936063,0.42193829222323265,0.42193829222323265,,1.0
193,0.39999999999999997,0.19999999999999998,0.14999999999999997,0.09999999999999999,0.14999999999999997,1.1999999999999997,0.20182291666666666,0.5646142313582713,0.0,0.9166666666666666,0.9978050595238095,0.20182291666666666,0.5646142313582713,0.0,0.9166666666666666,0.9978050595238095,0.28531867960498764,0.2849990529950384,0.3419988635940461,0.3419988635940461,,1.0
194,0.39999999999999997,0.19999999999999998,0.14999999999999997,0.09999999999999999,0.14999999999999997,1.1999999999999997,0.14453125,0.5744183463116587,0.0,0.9791666666666666,0.987952628968254,0.14453125,0.5744183463116587,0.0,0.9791666666666666,0.987952628968254,0.2706128359289984,0.2689929215986964,0.3227915059184357,0.3227915059184357,,1.0
195,0.39999999999999997,0.19999999999999998,0.14999999999999997,0.09999999999999999,0.14999999999999997,1.1999999999999997,0.25,0.5977772834484697,0.0,0.986328125,0.98720703125,0.25,0.5977772834484697,0.0,0.986328125,0.98720703125,0.31818826918969395,0.31638501712760664,0.379662020553128,0.379662020553128,,1.0
196,0.39999999999999997,0.19999999999999998,0.14999999999999997,0.09999999999999999,0.14999999999999997,1.1999999999999997,0.16666666666666666,0.5748946793510269,0.0,0.9375,0.9971354166666666,0.16666666666666666,0.5748946793510269,0.0,0.9375,0.9971354166666666,0.27539560253687206,0.27492838439961714,0.32991406127954054,0.32991406127954054,,1.0
197,0.39999999999999997,0.19999999999999998,0.14999999999999997,0.09999999999999999,0.14999999999999997,1.1999999999999997,0.22916666666666666,0.6189320267674338,0.0,0.9895833333333334,0.9850120907738095,0.22916666666666666,0.6189320267674338,0.0,0.9895833333333334,0.9850120907738095,0.31441140535348683,0.3127662673358955,0.37531952080307457,0.37531952080307457,,1.0
198,0.39999999999999997,0.19999999999999998,0.14999999999999997,0.09999999999999999,0.14999999999999997,1.1999999999999997,0.1,0.6192210073973247,0.0,1.0,1.0,0.1,0.6192210073973247,0.0,1.0,1.0,0.26384420147946497,0.26384420147946497,0.3166130417753579,0.3166130417753579,,1.0
